Question;Option1;Option2;Option3;Option4;CorrectIndex
"Select the correct Hindi translation for 'Daily balance'";दैनिक शेष;साप्ताहिक शेष;मासिक शेष;वार्षिक शेष;0
"What is the Hindi equivalent of 'Daily balancing'";दैनिक मिलान / शेष निकालना;खाता मिलान;ब्याज मिलान;स्टॉक मिलान;0
"Choose the correct meaning of 'Daily circulation account'";दैनिक परिचालन लेखा;दैनिक जमा लेखा;दैनिक ऋण लेखा;दैनिक लाभ लेखा;0
"Select the correct Hindi translation for 'Daily collection register'";दैनिक वसूली रजिस्टर;दैनिक भुगतान रजिस्टर;दैनिक उपस्थिति रजिस्टर;दैनिक शिकायत रजिस्टर;0
"In a professional context, what does 'Daily counter payment book' mean?";दैनिक काउंटर भुगतान बही;दैनिक काउंटर प्राप्ति बही;दैनिक चेक बुक;दैनिक पास बुक;0
"What is the technical term for 'Daily counter receipt book'";दैनिक काउंटर प्राप्ति बही;दैनिक काउंटर भुगतान बही;दैनिक रोकड़ बही;दैनिक खाता बही;0
"Identify the correct Hindi translation for 'Daily diary'";दैनिक डायरी;मासिक डायरी;साप्ताहिक डायरी;वार्षिक डायरी;0
"Select the correct Hindi translation for 'Daily hours'";दैनिक कार्य-घंटे;साप्ताहिक कार्य-घंटे;अतिरिक्त कार्य-घंटे;अवकाश के घंटे;0
"What is the Hindi equivalent of 'Daily injection (under LAF)'";दैनिक अंतर्वेशन;दैनिक बहिर्गमन;दैनिक जमा;दैनिक निकासी;0
"Choose the correct meaning of 'Daily paid labour'";दिहाड़ी श्रमिक / मजदूर;स्थायी श्रमिक;बंधुआ मजदूर;कुशल श्रमिक;0
"Select the correct Hindi translation for 'Daily report'";दैनिक रिपोर्ट;मासिक रिपोर्ट;वार्षिक रिपोर्ट;गोपनीय रिपोर्ट;0
"In a professional context, what does 'Daily routine' mean?";रोज का नेमी काम;विशेष काम;आकस्मिक काम;सप्ताहिक काम;0
"What is the technical term for 'Daily wages'";दैनिक मजदूरी / दिहाड़ी;मासिक वेतन;वार्षिक पैकेज;प्रोत्साहन राशि;0
"Identify the correct Hindi translation for 'Dairy farming'";डेरी उद्योग;मुर्गी पालन;मत्स्य पालन;रेशम उत्पादन;0
"Select the correct Hindi translation for 'Damage'";नुकसान / क्षति;लाभ;बचत;निवेश;0
"What is the Hindi equivalent of 'Damage claim'";नुकसानी / क्षतिपूर्ति दावा;बीमा दावा;ब्याज दावा;पेंशन दावा;0
"Choose the correct meaning of 'Damages'";नुकसानी / हर्जाना;लाभ;लागत;ब्याज;0
"Select the correct Hindi translation for 'Dampening effect'";मंदक प्रभाव;तेजी का प्रभाव;स्थिर प्रभाव;सकारात्मक प्रभाव;0
"In a professional context, what does 'Danger money' mean?";जोखिम मजदूरी / जोखिम धन;सुरक्षा धन;बीमा धन;पेंशन धन;0
"What is the technical term for 'Dark money'";अप्रकट राशि;काला धन;सफेद धन;जाली मुद्रा;0
"Identify the correct Hindi translation for 'Data'";1. आंकड़े 2. आधार सामग्री;सूचना;विवरण;रिपोर्ट;0
"Select the correct Hindi translation for 'Data analysis'";आंकड़ा / सामग्री विश्लेषण;आंकड़ा संग्रहण;आंकड़ा प्रविष्टि;आंकड़ा सुरक्षा;0
"What is the Hindi equivalent of 'Data base'";आधारभूत आंकड़े / सामग्री / डेटाबेस;सूचना केंद्र;फाइल;रजिस्टर;0
"Choose the correct meaning of 'Data collection'";आंकड़ा संग्रह;आंकड़ा वितरण;आंकड़ा विनाश;आंकड़ा संशोधन;0
"Select the correct Hindi translation for 'Data entry equipment'";आंकड़ा प्रविष्टि उपस्कर;आंकड़ा विश्लेषण उपस्कर;आंकड़ा मुद्रण उपस्कर;आंकड़ा सुरक्षा उपस्कर;0
"In a professional context, what does 'Data processing' mean?";आंकड़ा प्रसंस्करण;आंकड़ा संग्रहण;आंकड़ा प्रविष्टि;आंकड़ा मिटाना;0
"What is the technical term for 'Data sheet'";आंकड़ा पत्रक;तुलन पत्र;वेतन पत्रक;उपस्थिति पत्रक;0
"Identify the correct Hindi translation for 'Date of maturity'";परिपक्वता की तारीख;जारी करने की तारीख;भुगतान की तारीख;रद्दीकरण की तारीख;0
"Select the correct Hindi translation for 'Date stamp'";दिनांक मुहर / तारीख मुहर;राजस्व मुहर;रबड़ की मुहर;सीलिंग मोम;0
"What is the Hindi equivalent of 'Dated securities'";दिनांकित प्रतिभूतियां;अदिनांकित प्रतिभूतियां;शाश्वत प्रतिभूतियां;परिवर्तनीय प्रतिभूतियां;0
"Choose the correct meaning of 'Dated signature'";दिनांक सहित हस्ताक्षर;जाली हस्ताक्षर;अधूरे हस्ताक्षर;सादे हस्ताक्षर;0
"Select the correct Hindi translation for 'Dating back of policy'";पॉलिसी का पूर्व-तिथि अंकन;पॉलिसी का नवीनीकरण;पॉलिसी का रद्दीकरण;पॉलिसी का हस्तांतरण;0
"In a professional context, what does 'Dating terms' mean?";तारीख संबंधी शर्तें;भुगतान संबंधी शर्तें;ब्याज संबंधी शर्तें;ऋण संबंधी शर्तें;0
"What is the technical term for 'Dawn raid'";शेयर बाजार खुलने पर आकस्मिक भारी खरीद;शेयर बाजार बंद होने पर बिक्री;शेयर बाजार में गिरावट;शेयर बाजार में तेजी;0
"Identify the correct Hindi translation for 'Day book'";रोजनामचा / दैनिक बही;खाता बही;रोकड़ बही;पासबुक;0
"Select the correct Hindi translation for 'Day labourer'";दैनिक मजदूर / दिहाड़ी मजदूर;स्थायी मजदूर;कुशल मजदूर;अकुशल मजदूर;0
"What is the Hindi equivalent of 'Day loan / Clearing loan'";एक दिवसीय ऋण / दिनभर के लिए ऋण;दीर्घकालिक ऋण;सावधि ऋण;आवास ऋण;0
"Choose the correct meaning of 'Day trader'";दैनिक ट्रेडर;निवेशक;दलाल;बैंकर;0
"Select the correct Hindi translation for 'Day trading'";दैनिक ट्रेडिंग / सौदा;वायदा कारोबार;विकल्प कारोबार;स्वैप कारोबार;0
"In a professional context, what does 'Daylight exposure limit' mean?";दैनिक एक्सपोजर (खुली स्थिति) सीमा;साप्ताहिक सीमा;मासिक सीमा;वार्षिक सीमा;0
"What is the technical term for 'Days after date'";किसी तारीख के बाद दिन;तारीख से पहले दिन;तारीख वाले दिन;छुट्टी के दिन;0
"Identify the correct Hindi translation for 'Day-to-day business'";दैनिक कारोबार;साप्ताहिक कारोबार;मासिक कारोबार;वार्षिक कारोबार;0
"Select the correct Hindi translation for 'De facto'";वस्तुतः / तथ्यतः;विधितः;कानूनी तौर पर;सैद्धांतिक रूप से;0
"What is the Hindi equivalent of 'De jure'";विधितः;वस्तुतः;वास्तव में;व्यवहार में;0
"Choose the correct meaning of 'De novo'";नए सिरे से;पुराने तरीके से;यथास्थिति;समाप्त;0
"Select the correct Hindi translation for 'Dead account'";निष्क्रिय खाता;चालू खाता;बचत खाता;सावधि खाता;0
"In a professional context, what does 'Dead cat bounce' mean?";गिरते शेयरों में अस्थायी सुधार;शेयरों में भारी गिरावट;शेयरों में भारी उछाल;बाजार का बंद होना;0
"What is the technical term for 'Dead freight'";उपभोग निरपेक्ष / निष्फल माल भाड़ा;अग्रिम माल भाड़ा;बकाया माल भाड़ा;अतिरिक्त माल भाड़ा;0
"Identify the correct Hindi translation for 'Dead inventory'";निष्क्रिय माल-सूची;सक्रिय माल-सूची;नई माल-सूची;पुरानी माल-सूची;0
"Select the correct Hindi translation for 'Dead loan'";अशोध्य ऋण;वसूली योग्य ऋण;सुरक्षित ऋण;असुरक्षित ऋण;0
"What is the Hindi equivalent of 'Dead loss'";पूर्ण हानि / कुल घाटा;आंशिक हानि;काल्पनिक हानि;शुद्ध लाभ;0
"Choose the correct meaning of 'Dead register'";निष्क्रिय रजिस्टर;सक्रिय रजिस्टर;नया रजिस्टर;पुराना रजिस्टर;0
"Select the correct Hindi translation for 'Dead rent'";अनिवार्य किराया / उपभोग निरपेक्ष किराया;बाजार किराया;उचित किराया;नाममात्र किराया;0
"In a professional context, what does 'Dead security' mean?";निष्क्रिय प्रतिभूति;सक्रिय प्रतिभूति;सरकारी प्रतिभूति;विदेशी प्रतिभूति;0
"What is the technical term for 'Dead stock'";जड़ वस्तु / डेड स्टॉक;जीवित स्टॉक;चल स्टॉक;बिका हुआ स्टॉक;0
"Identify the correct Hindi translation for 'Dead weight'";कुल / पूर्ण भार;शुद्ध भार;आंशिक भार;अनुमानित भार;0
"Select the correct Hindi translation for 'Dead weight debt'";अनुत्पादक कर्ज;उत्पादक कर्ज;विदेशी कर्ज;सरकारी कर्ज;0
"What is the Hindi equivalent of 'Deadline'";अंतिम / निर्धारित तिथि;प्रारंभिक तिथि;परिपक्वता तिथि;भुगतान तिथि;0
"Choose the correct meaning of 'Deal'";1. सौदा 2. कार्य / कार्रवाई करना;बातचीत;विवाद;समझौता;0
"Select the correct Hindi translation for 'Dealer'";व्यापारी;ग्राहक;दलाल;एजेंट;0
"In a professional context, what does 'Dealer\'s licence' mean?";व्यापारी लाइसेंस;दलाल लाइसेंस;आयात लाइसेंस;निर्यात लाइसेंस;0
"What is the technical term for 'Dealings'";व्यवहार / लेनदेन;बातचीत;समझौता;विवाद;0
"Identify the correct Hindi translation for 'Dealings in foreign exchange'";विदेशी मुद्रा कारोबार;शेयर कारोबार;सोना कारोबार;कपड़ा कारोबार;0
"Select the correct Hindi translation for 'Dealings in money'";मुद्रा का लेनदेन;वस्तु का लेनदेन;शेयर का लेनदेन;जमीन का लेनदेन;0
"What is the Hindi equivalent of 'Dear money'";महंगी / दुर्लभ मुद्रा;सस्ती मुद्रा;सुलभ मुद्रा;विदेशी मुद्रा;0
"Choose the correct meaning of 'Dearness allowance'";महंगाई भत्ता;यात्रा भत्ता;मकान किराया भत्ता;चिकित्सा भत्ता;0
"Select the correct Hindi translation for 'Death benefit'";मृत्यु पर देय लाभ;पेंशन लाभ;बीमा लाभ;ब्याज लाभ;0
"In a professional context, what does 'Death duty' mean?";उत्तराधिकार शुल्क;आय कर;संपत्ति कर;उपहार कर;0
"What is the technical term for 'Death rate'";मृत्यु दर;जन्म दर;ब्याज दर;विकास दर;0
"Identify the correct Hindi translation for 'Death-cum-retirement gratuity'";मृत्यु-सह-सेवानिवृत्ति उपदान;पेंशन योजना;भविष्य निधि;जीवन बीमा;0
"Select the correct Hindi translation for 'Debar'";विवर्जित करना / रोकना;अनुमति देना;आमंत्रित करना;प्रोत्साहित करना;0
"What is the Hindi equivalent of 'Debase'";(मुद्रा में) अपमिश्रण / खोट;शुद्ध करना;मूल्य बढ़ाना;जारी करना;0
"Choose the correct meaning of 'Debased coin'";धातुह्रासित सिक्का;शुद्ध सिक्का;नया सिक्का;विदेशी सिक्का;0
"Select the correct Hindi translation for 'Debased currency'";आधारच्युत मुद्रा;मानक मुद्रा;सस्ती मुद्रा;महंगी मुद्रा;0
"In a professional context, what does 'Debauched currency' mean?";सदोष / दोषयुक्त मुद्रा;शुद्ध मुद्रा;नई मुद्रा;विदेशी मुद्रा;0
"What is the technical term for 'Debenture'";डिबेंचर / ऋणपत्र;शेयर;बॉण्ड;हुंडी;0
"Identify the correct Hindi translation for 'Debenture bond'";डिबेंचर बॉण्ड;शेयर बॉण्ड;सरकारी बॉण्ड;बचत बॉण्ड;0
"Select the correct Hindi translation for 'Debenture call book'";डिबेंचर मांग बही;डिबेंचर आबंटन बही;डिबेंचर ब्याज बही;डिबेंचर रजिस्टर;0
"What is the Hindi equivalent of 'Debenture holder'";डिबेंचर धारक;शेयर धारक;खाता धारक;पॉलिसी धारक;0
"Choose the correct meaning of 'Debenture interest book'";डिबेंचर ब्याज बही;डिबेंचर मांग बही;डिबेंचर आबंटन बही;डिबेंचर रजिस्टर;0
"Select the correct Hindi translation for 'Debenture redemption fund'";डिबेंचर मोचन निधि;डिबेंचर ब्याज निधि;डिबेंचर विकास निधि;डिबेंचर आरक्षित निधि;0
"In a professional context, what does 'Debenture stock' mean?";डिबेंचर स्टॉक;शेयर स्टॉक;पूंजी स्टॉक;ऋण स्टॉक;0
"What is the technical term for 'Debenture transfer register'";डिबेंचर अंतरण रजिस्टर;डिबेंचर आबंटन रजिस्टर;डिबेंचर धारक रजिस्टर;डिबेंचर ब्याज रजिस्टर;0
"Identify the correct Hindi translation for 'Debenture trust deeds'";डिबेंचर न्यास विलेख;डिबेंचर अंतरण विलेख;डिबेंचर बिक्री विलेख;डिबेंचर गिरवी विलेख;0
"Select the correct Hindi translation for 'Debit'";नामे;जमा;शेष;योग;0
"What is the Hindi equivalent of 'Debit (Dr.) side'";नामे पक्ष;जमा पक्ष;संपत्ति पक्ष;दायित्व पक्ष;0
"Choose the correct meaning of 'Debit account'";नामे लेखा;जमा लेखा;लाभ लेखा;हानि लेखा;0
"Select the correct Hindi translation for 'Debit advice'";नामे सूचना;जमा सूचना;भुगतान सूचना;वसूली सूचना;0
"In a professional context, what does 'Debit balance' mean?";नामे शेष / बाकी;जमा शेष;शून्य शेष;अंतिम शेष;0
"What is the technical term for 'Debit voucher'";नामे वाउचर;जमा वाउचर;भुगतान वाउचर;रसीद वाउचर;0
"Identify the correct Hindi translation for 'Debitable'";नामे योग्य;जमा योग्य;भुगतान योग्य;वसूली योग्य;0
"Select the correct Hindi translation for 'Debited'";नामे डाला गया;जमा किया गया;भुगतान किया गया;वसूली की गई;0
"What is the Hindi equivalent of 'Debt'";कर्ज / ऋण;जमा;बचत;निवेश;0
"Choose the correct meaning of 'Debt account'";कर्ज खाता;जमा खाता;बचत खाता;चालू खाता;0
"Select the correct Hindi translation for 'Debt assignment'";कर्ज समनुदेशन;कर्ज माफी;कर्ज वसूली;कर्ज पुनर्भुगतान;0
"In a professional context, what does 'Debt balances' mean?";कर्ज शेष;जमा शेष;बचत शेष;निवेश शेष;0
"What is the technical term for 'Debt charges'";कर्ज प्रभार;ब्याज प्रभार;सेवा प्रभार;जुर्माना;0
"Identify the correct Hindi translation for 'Debt collection'";कर्ज वसूली;कर्ज वितरण;कर्ज माफी;कर्ज रद्दीकरण;0
"Select the correct Hindi translation for 'Debt conciliation'";कर्ज सुलह / निपटान;कर्ज वृद्धि;कर्ज माफी;कर्ज वसूली;0
"What is the Hindi equivalent of 'Debt creating funds'";कर्ज सर्जक निधियां;कर्ज मुक्त निधियां;अनुदान निधियां;सहायता निधियां;0
"Choose the correct meaning of 'Debt discounting'";कर्ज भुनाना;कर्ज देना;कर्ज लेना;कर्ज माफ करना;0
"Select the correct Hindi translation for 'Debt equity ratio'";कर्ज इक्विटी अनुपात;लाभ-हानि अनुपात;तरलता अनुपात;संपत्ति अनुपात;0
"In a professional context, what does 'Debt limit' mean?";कर्ज सीमा;जमा सीमा;व्यय सीमा;आय सीमा;0
"What is the technical term for 'Debt management'";कर्ज प्रबंधन;निधि प्रबंधन;जोखिम प्रबंधन;संपत्ति प्रबंधन;0
"Identify the correct Hindi translation for 'Debt market'";कर्ज बाजार;शेयर बाजार;मुद्रा बाजार;वायदा बाजार;0
"Select the correct Hindi translation for 'Debt monetization'";कर्ज मुद्रीकरण;कर्ज माफी;कर्ज वसूली;कर्ज भुगतान;0
"What is the Hindi equivalent of 'Debt not wiped off'";असमाप्त कर्ज;समाप्त कर्ज;माफ किया गया कर्ज;वसूला गया कर्ज;0
"Choose the correct meaning of 'Debt redemption'";कर्ज मोचन / कर्ज की पूर्ण चुकौती;कर्ज लेना;कर्ज देना;कर्ज माफ करना;0
"Select the correct Hindi translation for 'Debt redemption levy'";कर्ज मोचन कर;आय कर;बिक्री कर;संपत्ति कर;0
"In a professional context, what does 'Debt refinancing' mean?";कर्ज का पुनर्वित्तपोषण;कर्ज का भुगतान;कर्ज का रद्दीकरण;कर्ज की वसूली;0
"What is the technical term for 'Debt relief measures'";कर्ज राहत संबंधी उपाय;कर्ज वसूली उपाय;कर्ज माफी उपाय;कर्ज वृद्धि उपाय;0
"Identify the correct Hindi translation for 'Debt repudiation'";कर्ज नकार / निराकरण;कर्ज स्वीकृति;कर्ज भुगतान;कर्ज वसूली;0
"Select the correct Hindi translation for 'Debt rescheduling'";कर्ज का पुनर्निर्धारण;कर्ज की माफी;कर्ज की वसूली;कर्ज का भुगतान;0
"What is the Hindi equivalent of 'Debt restructuring'";कर्ज की पुनर्रचना / पुनः संरचना;कर्ज की समाप्ति;कर्ज की वृद्धि;कर्ज की वसूली;0
"Choose the correct meaning of 'Debt ridden farmer'";कर्ज ग्रस्त किसान;धनी किसान;भूमिहीन किसान;सीमांत किसान;0
"Select the correct Hindi translation for 'Debt service coverage ratio'";कर्ज चुकौती व्यापन / कवरेज अनुपात;ब्याज व्यापन अनुपात;लाभांश व्यापन अनुपात;पूंजी व्यापन अनुपात;0
"In a professional context, what does 'Debt service ratio' mean?";कर्ज चुकौती अनुपात;ब्याज भुगतान अनुपात;लाभांश भुगतान अनुपात;पूंजी भुगतान अनुपात;0
"What is the technical term for 'Debt servicing'";कर्ज चुकौती;कर्ज वितरण;कर्ज माफी;कर्ज वसूली;0
"Identify the correct Hindi translation for 'Debt trap'";कर्ज जाल;कर्ज मुक्ति;कर्ज राहत;कर्ज सुविधा;0
"Select the correct Hindi translation for 'Debt/loan provider'";कर्जदाता / साहूकार;कर्जदार;दलाल;एजेंट;0
"What is the Hindi equivalent of 'Debt equity norms'";कर्ज इक्विटी मानदंड;पूंजी मानदंड;ब्याज मानदंड;लाभांश मानदंड;0
"Choose the correct meaning of 'Debt equity swap'";कर्ज इक्विटी अदला-बदली / स्वैप;मुद्रा स्वैप;ब्याज दर स्वैप;परिसंपत्ति स्वैप;0
"Select the correct Hindi translation for 'Debtor'";देनदार / कर्जदार / ऋणी;लेनदार;साहूकार;निवेशक;0
"In a professional context, what does 'Debtor country' mean?";देनदार देश / कर्जदार देश;लेनदार देश;विकसित देश;विकासशील देश;0
"What is the technical term for 'Debtor in possession'";कब्जेदार देनदार;फरार देनदार;दिवालिया देनदार;मुक्त देनदार;0
"Identify the correct Hindi translation for 'Debtor\'s capacity'";देनदार / कर्जदार की क्षमता;लेनदार की क्षमता;बैंक की क्षमता;सरकार की क्षमता;0
"Select the correct Hindi translation for 'Debtor\'s ledger'";देनदार खाताबही;लेनदार खाताबही;रोकड़ बही;जर्नल;0
"What is the Hindi equivalent of 'Debtor\'s on open account'";चालू खातेवाले देनदार;बचत खातेवाले देनदार;सावधि खातेवाले देनदार;ऋण खातेवाले देनदार;0
"Choose the correct meaning of 'Debts considered bad/doubtful/good'";शोध्य-अशोध्य-संदिग्ध समझे गए कर्ज;माफ किए गए कर्ज;वसूले गए कर्ज;लिखित अपलिखित कर्ज;0
"Select the correct Hindi translation for 'Decarbonisation of economy'";अर्थव्यवस्था का विकार्बनीकरण;अर्थव्यवस्था का उदारीकरण;अर्थव्यवस्था का निजीकरण;अर्थव्यवस्था का वैश्वीकरण;0
"In a professional context, what does 'Deceased depositor' mean?";दिवंगत जमाकर्ता;नाबालिग जमाकर्ता;अनिवासी जमाकर्ता;संयुक्त जमाकर्ता;0
"What is the technical term for 'Deceased drawer'";दिवंगत चेककर्ता / आहर्ता;नाबालिग आहर्ता;पागल आहर्ता;दिवालिया आहर्ता;0
"Identify the correct Hindi translation for 'Decelerated growth'";मंद संवृद्धि;तीव्र संवृद्धि;स्थिर संवृद्धि;नकारात्मक संवृद्धि;0
"Select the correct Hindi translation for 'Decelerating growth'";मंद हो रही संवृद्धि;बढ़ रही संवृद्धि;स्थिर हो रही संवृद्धि;रुक गई संवृद्धि;0
"What is the Hindi equivalent of 'Decentralization of capital'";पूंजी का विकेंद्रीकरण;पूंजी का केंद्रीयकरण;पूंजी का निर्माण;पूंजी का विनाश;0
"Choose the correct meaning of 'Decentralization of loan'";ऋण का विकेंद्रीकरण;ऋण का केंद्रीयकरण;ऋण का वितरण;ऋण का संकुचन;0
"Select the correct Hindi translation for 'Decentralization of power'";शक्ति का विकेंद्रीकरण;शक्ति का केंद्रीयकरण;शक्ति का विभाजन;शक्ति का हस्तांतरण;0
"In a professional context, what does 'Decentralized loan' mean?";विकेंद्रित ऋण;केंद्रीकृत ऋण;सहकारी ऋण;सरकारी ऋण;0
"What is the technical term for 'Decentralized market'";विकेंद्रित बाजार;केंद्रीकृत बाजार;एकाधिकार बाजार;प्रतिस्पर्धी बाजार;0
"Identify the correct Hindi translation for 'Decimal coinage'";दशमलव सिक्का प्रणाली;धातु सिक्का प्रणाली;स्वर्ण सिक्का प्रणाली;रजत सिक्का प्रणाली;0
"Select the correct Hindi translation for 'Decision making machinery'";निर्णयन तंत्र;प्रशासनिक तंत्र;न्यायिक तंत्र;विधायी तंत्र;0
"What is the Hindi equivalent of 'Declarant'";घोषणाकर्ता;आवेदक;प्रतिवादी;गवाह;0
"Choose the correct meaning of 'Declaration'";घोषणा;निवेदन;प्रस्ताव;आदेश;0
"Select the correct Hindi translation for 'Declaration of fidelity and secrecy'";विश्वस्तता एवं गोपनीयता की घोषणा;सत्यनिष्ठा की घोषणा;संपत्ति की घोषणा;आय की घोषणा;0
"In a professional context, what does 'Declaration of share qualification' mean?";शेयर-अर्हता की घोषणा;शेयर-लाभांश की घोषणा;शेयर-अंतरण की घोषणा;शेयर-बिक्री की घोषणा;0
"What is the technical term for 'Declaration of solvency'";शोधन क्षमता की घोषणा;दिवालियापन की घोषणा;लाभ की घोषणा;हानि की घोषणा;0
"Identify the correct Hindi translation for 'Declare ineligible'";अपात्र घोषित करना;पात्र घोषित करना;सफल घोषित करना;असफल घोषित करना;0
"Select the correct Hindi translation for 'Declare value'";घोषित मूल्य;बाजार मूल्य;अंकित मूल्य;लागत मूल्य;0
"What is the Hindi equivalent of 'Declared insolvent'";घोषित दिवालिया;घोषित अपराधी;घोषित ऋणी;घोषित भगोड़ा;0
"Choose the correct meaning of 'Declared valuation rate'";घोषित मुल्यन दर;बाजार दर;सरकारी दर;बैंक दर;0
"Select the correct Hindi translation for 'Decline'";1. अस्वीकार करना / नकारना 2. गिग्ना;स्वीकार करना;बढ़ना;रुकना;0
"In a professional context, what does 'Declining inflation' mean?";गिरती मुद्रास्फीति;बढ़ती मुद्रास्फीति;स्थिर मुद्रास्फीति;शून्य मुद्रास्फीति;0
"What is the technical term for 'Declining market'";गिरता बाजार;चढ़ता बाजार;स्थिर बाजार;बंद बाजार;0
"Identify the correct Hindi translation for 'Declining price'";गिरती कीमत;बढ़ती कीमत;स्थिर कीमत;नियत कीमत;0
"Select the correct Hindi translation for 'Decode'";कूट शब्दों को पढ़ना;कूट शब्द बनाना;कूट शब्द छिपाना;कूट शब्द बदलना;0
"What is the Hindi equivalent of 'Deconfirmation'";पुष्टि रद्द करना;पुष्टि करना;पुष्टि मांगना;पुष्टि भेजना;0
"Choose the correct meaning of 'Decontrol'";विनियंत्रण;नियंत्रण;प्रतिबंध;निषेध;0
"Select the correct Hindi translation for 'Decrease'";1. कमी / गिरावट 2. कम होना / घटना;वृद्धि;अधिकता;विस्तार;0
"In a professional context, what does 'Decreasing cost' mean?";घटती लागत;बढ़ती लागत;स्थिर लागत;औसत लागत;0
"What is the technical term for 'Decreasing demand'";घटती माग;बढ़ती मांग;स्थिर मांग;औसत मांग;0
"Identify the correct Hindi translation for 'Decree'";डिक्री;आदेश;निर्णय;फैसला;0
"Select the correct Hindi translation for 'Decree holder'";डिक्री-प्राप्त लेनदार / डिक्रीदार;निर्णित ऋणी;वादी;प्रतिवादी;0
"What is the Hindi equivalent of 'Decree nisi'";अपेक्षात्मक डिक्री;अंतिम डिक्री;प्रारंभिक डिक्री;संशोधित डिक्री;0
"Choose the correct meaning of 'Deduct'";काटना;जोड़ना;गुणा करना;भाग देना;0
"Select the correct Hindi translation for 'Deduct refunds'";घटाएं - धनवापसी;जोड़ें - धनवापसी;गुणा करें - धनवापसी;भाग दें - धनवापसी;0
"In a professional context, what does 'Deduct entries' mean?";कटौती संबंधी प्रविष्टिया / नामे प्रविष्टिया;जमा प्रविष्टिया;सुधार प्रविष्टिया;समायोजन प्रविष्टिया;0
"What is the technical term for 'Deductable'";कटौतीयोग्य;करयोग्य;वसूलीयोग्य;देय;0
"Identify the correct Hindi translation for 'Deduction at source'";स्रोत पर कटौती;भुगतान पर कटौती;जमा पर कटौती;ब्याज पर कटौती;0
"Select the correct Hindi translation for 'Deed'";विलेख;दस्तावेज;प्रमाणपत्र;रसीद;0
"What is the Hindi equivalent of 'Deed of agreement'";कगर विलेख;बिक्री विलेख;किराया विलेख;पट्टा विलेख;0
"Choose the correct meaning of 'Deed of assignment'";समन्देशन विलेख;अंतरण विलेख;न्यास विलेख;बंधक विलेख;0
"Select the correct Hindi translation for 'Deed of association'";कपनी का विवरणपत्र / की नियमावली;साझेदारी विलेख;सहकारी समिति नियम;न्यास विलेख;0
"In a professional context, what does 'Deed of contract' mean?";संविदा / ठेका विलेख;बिक्री विलेख;किराया विलेख;पट्टा विलेख;0
"What is the technical term for 'Deed of lease'";पट्टा विलेख;किराया विलेख;बिक्री विलेख;बंधक विलेख;0
"Identify the correct Hindi translation for 'Deed of mortgage'";बधकपत्र / बंधक विलेख;पट्टा विलेख;बिक्री विलेख;किराया विलेख;0
"Select the correct Hindi translation for 'Deed of partnership'";भागोदारी विलेख;कंपनी विलेख;सहकारी विलेख;न्यास विलेख;0
"What is the Hindi equivalent of 'Deed of sale'";बिक्री विलेख;खरीद विलेख;किराया विलेख;पट्टा विलेख;0
"Choose the correct meaning of 'Deed of settlement'";समझौता विलेख;विवाद विलेख;बंटवारा विलेख;वसीयत विलेख;0
"Select the correct Hindi translation for 'Deed of transfer'";अतरण / हस्तातरण विलेख;बिक्री विलेख;किराया विलेख;पट्टा विलेख;0
"In a professional context, what does 'Deep discount' mean?";अत्यधिक बट्टा;कम बट्टा;साधारण बट्टा;शून्य बट्टा;0
"What is the technical term for 'Deep discount bond'";अत्यधिक बट्टाकृत बॉण्ड;प्रीमियम बॉण्ड;सममूल्य बॉण्ड;फ्लोटिंग रेट बॉण्ड;0
"Identify the correct Hindi translation for 'Deep market'";गहन बाजार;उथला बाजार;सीमित बाजार;स्थानीय बाजार;0
"Select the correct Hindi translation for 'Deep pocketed investors'";धनी निवेशक;गरीब निवेशक;छोटे निवेशक;संस्थागत निवेशक;0
"What is the Hindi equivalent of 'Deepening of capital'";पूंजी-प्रधानता में वृद्धि;पूंजी की कमी;पूंजी का प्रसार;पूंजी का संकुचन;0
"Choose the correct meaning of 'Deepening of market'";बाजार में गहनता लाना;बाजार का विस्तार करना;बाजार को सीमित करना;बाजार को बंद करना;0
"Select the correct Hindi translation for 'Defaced coin / note'";विरूपित / विकृत सिक्का / नोट;जाली सिक्का / नोट;नया सिक्का / नोट;विदेशी सिक्का / नोट;0
"In a professional context, what does 'Defalcation' mean?";गबन / खयानत;चोरी;डकैती;लूट;0
"What is the technical term for 'Defalcation and losses'";गबन / खयानत और हानियां;लाभ और हानि;आय और व्यय;संपत्ति और दायित्व;0
"Identify the correct Hindi translation for 'Default'";चूक / व्यतिक्रम;पालन;अनुपालन;सफलता;0
"Select the correct Hindi translation for 'Default in installment payment'";किस्त के भुगतान में चूक / व्यतिक्रम;किस्त का भुगतान;किस्त की माफी;किस्त का स्थगन;0
"What is the Hindi equivalent of 'Default in payment'";भुगतान में चूक / व्यतिक्रम;अग्रिम भुगतान;विलंबित भुगतान;आंशिक भुगतान;0
"Choose the correct meaning of 'Default swap'";चूक अदला-बदली (स्वैप);मुद्रा स्वैप;ब्याज स्वैप;परिसंपत्ति स्वैप;0
"Select the correct Hindi translation for 'Defaulted account'";चूक खाता;चालू खाता;बचत खाता;सावधि खाता;0
"In a professional context, what does 'Defaulted amount' mean?";चूक की राशि;जमा राशि;निकासी राशि;ब्याज राशि;0
"What is the technical term for 'Defaulter'";चूककर्ता / व्यतिक्रमी बाकीदार;नियमित भुगतानकर्ता;जमाकर्ता;ऋणदाता;0
"Identify the correct Hindi translation for 'Defaulting account'";व्यतिक्रमित खाता;नियमित खाता;निष्क्रिय खाता;बंद खाता;0
"Select the correct Hindi translation for 'Defeasible'";व्यर्थ करने योग्य / विखंडनीय;अखंडनीय;स्थायी;निश्चित;0
"What is the Hindi equivalent of 'Defect liability period'";दोष दायित्व अवधि;गारंटी अवधि;वारंटी अवधि;परीक्षण अवधि;0
"Choose the correct meaning of 'Defective'";दोषपूर्ण / त्रुटिपूर्ण / त्रुटियुक्त;सही;निर्दोष;पूर्ण;0
"Select the correct Hindi translation for 'Defective note'";दोषपूर्ण / त्रुटिपूर्ण / त्रुटियुक्त नोट;असली नोट;जाली नोट;नया नोट;0
"In a professional context, what does 'Defective planning' mean?";दोषपूर्ण / त्रुटिपूर्ण / त्रुटियुक्त आयोजना;सही आयोजना;व्यापक आयोजना;दीर्घकालिक आयोजना;0
"What is the technical term for 'Defective title'";त्रुटियुक्त हक / स्वत्वाधिकार;स्पष्ट हक;पूर्ण हक;विवादित हक;0
"Identify the correct Hindi translation for 'Defence fund'";ग्क्षा निधि;युद्ध निधि;शांति निधि;राहत निधि;0
"Select the correct Hindi translation for 'Defendant'";प्रतिवादी;वादी;गवाह;न्यायाधीश;0
"What is the Hindi equivalent of 'Deficit'";1. घाटा 2. कमी;लाभ;अधिशेष;वृद्धि;0
"Choose the correct meaning of 'Deficit area'";कमी का क्षेत्र;अधिकता का क्षेत्र;संतुलित क्षेत्र;विकसित क्षेत्र;0
"Select the correct Hindi translation for 'Deficit budget'";घाटे का बजट;बचत का बजट;संतुलित बजट;पूरक बजट;0
"In a professional context, what does 'Deficit districts' mean?";अभाववाले / अभावग्रस्त जिले;समृद्ध जिले;विकसित जिले;औद्योगिक जिले;0
"What is the technical term for 'Deficit financing'";घाटे की वित्त व्यवस्था;बचत वित्त व्यवस्था;संतुलित वित्त व्यवस्था;विदेशी वित्त व्यवस्था;0
"Identify the correct Hindi translation for 'Deficit induced inflation'";घाटा-प्रेरित स्फीति;लागत-प्रेरित स्फीति;मांग-प्रेरित स्फीति;मजदूरी-प्रेरित स्फीति;0
"Select the correct Hindi translation for 'Definitive bond'";पक्का बंधपत्र / बॉण्ड;कच्चा बॉण्ड;अस्थायी बॉण्ड;परिवर्तनीय बॉण्ड;0
"What is the Hindi equivalent of 'Deflate'";अपस्फीति कम करना;स्फीति बढ़ाना;मूल्य बढ़ाना;मुद्रा जारी करना;0
"Choose the correct meaning of 'Deflation'";अपस्फीत्ति;मुद्रास्फीति;मंदी;तेजी;0
"Select the correct Hindi translation for 'Deflation of currency'";मुद्रा अपस्फीति;मुद्रा स्फीति;मुद्रा अवमूल्यन;मुद्रा अधिमूल्यन;0
"In a professional context, what does 'Deflation of price index' mean?";मुद्रा-सूचकांक में कमी / गिरावट;सूचकांक में वृद्धि;सूचकांक में स्थिरता;सूचकांक में उतार-चढ़ाव;0
"What is the technical term for 'Deflationary gap'";अपस्फीतिकारी अंतर;स्फीतिकारी अंतर;आय अंतर;बचत अंतर;0
"Identify the correct Hindi translation for 'Deflator'";अपस्फीतिकारक;स्फीतिकारक;सूचकांक;गुणक;0
"Select the correct Hindi translation for 'Defraud'";कपट करना, धोखा देना;मदद करना;सलाह देना;बचाना;0
"What is the Hindi equivalent of 'Defray'";हिसाब चुकाना, अदा करना;वसूली करना;उधार देना;जमा करना;0
"Choose the correct meaning of 'Defunct company'";निष्क्रिय कंपनी;सक्रिय कंपनी;नई कंपनी;विदेशी कंपनी;0
"Select the correct Hindi translation for 'Defunct institution'";निष्क्रिय संस्था;सक्रिय संस्था;सरकारी संस्था;निजी संस्था;0
"In a professional context, what does 'Degradation' mean?";पद / ग्रेड घटाना;पदोन्नति;पुरस्कार;सम्मान;0
"What is the technical term for 'Degree of credibility'";विश्वसनीयता का स्तर;जोखिम का स्तर;लाभ का स्तर;हानि का स्तर;0
"Identify the correct Hindi translation for 'Delayed payment'";देर से भुगतान, विलंबित भुगतान;समय पर भुगतान;अग्रिम भुगतान;तत्काल भुगतान;0
"Select the correct Hindi translation for 'Delayed proposal'";विलंबित प्रस्ताव;स्वीकृत प्रस्ताव;अस्वीकृत प्रस्ताव;संशोधित प्रस्ताव;0
"What is the Hindi equivalent of 'Delegate'";1. प्रतिनिधि 2. प्रत्यायोजित करना;प्रमुख;अध्यक्ष;सचिव;0
"Choose the correct meaning of 'Delegated responsibility'";प्रत्यायोजित उत्तरदायित्व;सामूहिक उत्तरदायित्व;व्यक्तिगत उत्तरदायित्व;कानूनी उत्तरदायित्व;0
"Select the correct Hindi translation for 'Delegation'";1. प्रतिनिधि मंडल 2. प्रत्यायोजन;सम्मेलन;बैठक;सेमिनार;0
"In a professional context, what does 'Delegation of powers' mean?";शक्तियों का प्रत्यायोजन;शक्तियों का केंद्रीकरण;शक्तियों का विभाजन;शक्तियों का दुरुपयोग;0
"What is the technical term for 'Delicensing scheme'";लाइसेंस समाप्त करने की योजना;लाइसेंस जारी करने की योजना;लाइसेंस नवीनीकरण योजना;लाइसेंस रद्दीकरण योजना;0
"Identify the correct Hindi translation for 'Delimitation'";परिसीमन;विस्तार;संकोचन;विलय;0
"Select the correct Hindi translation for 'Delineate'";अंकित करना;मिटाना;छिपाना;बदलना;0
"What is the Hindi equivalent of 'Delinquent company'";अपचारी / दोषी कंपनी;निर्दोष कंपनी;लाभकारी कंपनी;सरकारी कंपनी;0
"Choose the correct meaning of 'Delinquent director'";अपचारी निदेशक;प्रबंध निदेशक;कार्यकारी निदेशक;स्वतंत्र निदेशक;0
"Select the correct Hindi translation for 'Delinquent tax'";बकाया / अदत्त कर;अग्रिम कर;संपत्ति कर;आय कर;0
"In a professional context, what does 'Delivered price' mean?";सुपुर्दगी पर देय कीमत / घर-पहुंच कीमत;कारखाना कीमत;थोक कीमत;खुदरा कीमत;0
"What is the technical term for 'Delivery'";सुपुर्दगी, वितरण, अंतरण, सौंपना;प्राप्ति;संग्रह;मांग;0
"Identify the correct Hindi translation for 'Delivery book'";सुपुर्दगी बही, वितरण बही;रोकड़ बही;खाता बही;स्टॉक बही;0
"Select the correct Hindi translation for 'Delivery channel'";सुपुर्दगी चैनल;भुगतान चैनल;विपणन चैनल;संचार चैनल;0
"What is the Hindi equivalent of 'Delivery order'";सुपुर्दगी आदेश;क्रय आदेश;विक्रय आदेश;भुगतान आदेश;0
"Choose the correct meaning of 'Demand and time liabilities'";मांग और आवधिक / मीयादी देयताएं;मांग और आवधिक आस्तियां;मांग और आवधिक जमा;मांग और आवधिक ऋण;0
"Select the correct Hindi translation for 'Demand collection balance'";मांग वसूली शेष;मांग जमा शेष;मांग ऋण शेष;मांग ब्याज शेष;0
"In a professional context, what does 'Demand creation' mean?";मांग सर्जन;मांग संकुचन;मांग पूर्ति;मांग विश्लेषण;0
"What is the technical term for 'Demand curve'";मांग वक्र;पूर्ति वक्र;लागत वक्र;राजस्व वक्र;0
"Identify the correct Hindi translation for 'Demand deposit'";माग जमा;सावधि जमा;आवर्ती जमा;बचत जमा;0
"Select the correct Hindi translation for 'Demand draft'";मांग ड्राफ्ट;सावधि ड्राफ्ट;विदेशी ड्राफ्ट;स्थानीय ड्राफ्ट;0
"What is the Hindi equivalent of 'Demand draft return account'";मांग ड्राफ्ट वापसी खाता;मांग ड्राफ्ट जारी खाता;मांग ड्राफ्ट भुगतान खाता;मांग ड्राफ्ट रद्दीकरण खाता;0
"Choose the correct meaning of 'Demand for grant'";अनुदान की मांग;ऋण की मांग;ब्याज की मांग;कर की मांग;0
"Select the correct Hindi translation for 'Demand for money'";धन की मांग;धन की पूर्ति;धन का संचय;धन का निवेश;0
"In a professional context, what does 'Demand function' mean?";मांग फलन;पूर्ति फलन;लागत फलन;उत्पादन फलन;0
"What is the technical term for 'Demand hundi'";मांग हुंडी;मियादी हुंडी;दर्शनी हुंडी;सावधि हुंडी;0
"Identify the correct Hindi translation for 'Demand letter'";मांग पत्र;कारण बताओ नोटिस;नियुक्ति पत्र;त्याग पत्र;0
"Select the correct Hindi translation for 'Demand liabilities'";मांग देयताएं;सावधि देयताएं;आकस्मिक देयताएं;स्थायी देयताएं;0
"What is the Hindi equivalent of 'Demand loan'";मांग ऋण;सावधि ऋण;आवास ऋण;शिक्षा ऋण;0
"Choose the correct meaning of 'Demand loan account'";मांग ऋण खाता;सावधि ऋण खाता;बचत खाता;चालू खाता;0
"Select the correct Hindi translation for 'Demand note'";मांग पत्र;वचन पत्र;ऋण पत्र;साख पत्र;0
"In a professional context, what does 'Demand of credit' mean?";ऋण की मांग;ऋण की पूर्ति;ऋण का भुगतान;ऋण का नवीनीकरण;0
"What is the technical term for 'Demand price'";अपेक्षित कीमत;बाजार कीमत;लागत कीमत;विक्रय कीमत;0
"Identify the correct Hindi translation for 'Demand promissory note'";मांग वचन पत्र;सावधि वचन पत्र;शर्तयुक्त वचन पत्र;संयुक्त वचन पत्र;0
"Select the correct Hindi translation for 'Demand pull inflation'";मांग जन्य / प्रेरित मुद्रास्फीति;लागत जन्य मुद्रास्फीति;मुद्रा जन्य मुद्रास्फीति;संरचनात्मक मुद्रास्फीति;0
"What is the Hindi equivalent of 'Demand rate'";मांग दर;ब्याज दर;विनिमय दर;बट्टा दर;0
"Choose the correct meaning of 'Demand schedule'";मांग अनुसूची;पूर्ति अनुसूची;मूल्य अनुसूची;लागत अनुसूची;0
"Select the correct Hindi translation for 'Demand shock'";मांग आघात;पूर्ति आघात;मूल्य आघात;आय आघात;0
"In a professional context, what does 'Demand slip' mean?";मांग पर्ची;जमा पर्ची;निकासी पर्ची;चेक;0
"What is the technical term for 'Demanding market'";अत्यंत मांग वाला बाजार;मंद बाजार;स्थिर बाजार;संतुलित बाजार;0
"Identify the correct Hindi translation for 'Demarcation'";सीमांकन;विलय;विभाजन;विस्तार;0
"Select the correct Hindi translation for 'Demarcation dispute'";सीमांकन विवाद;जल विवाद;भूमि विवाद;व्यापार विवाद;0
"What is the Hindi equivalent of 'Demat account'";डीमैट खाता;बचत खाता;चालू खाता;सावधि खाता;0
"Choose the correct meaning of 'Dematerialisation of bond'";बॉण्ड का अमूर्तीकरण / कागज रहित बॉण्ड जारी करना;बॉण्ड का भौतिकीकरण;बॉण्ड का नवीनीकरण;बॉण्ड का रद्दीकरण;0
"Select the correct Hindi translation for 'Dematerialised account'";अमूर्तीकृत / डीमैट खाता;भौतिक खाता;बचत खाता;चालू खाता;0
"In a professional context, what does 'Dematerialized form' mean?";अमूर्त रूप / अभौतिक (डीमैट) रूप;भौतिक रूप;कागजी रूप;लिखित रूप;0
"What is the technical term for 'Dematerialized securities'";अमूर्तीकृत / अभौतिकीकृत प्रतिभूतियां;भौतिक प्रतिभूतियां;सरकारी प्रतिभूतियां;विदेशी प्रतिभूतियां;0
"Identify the correct Hindi translation for 'Demerger'";विलगाव;विलय;अधिग्रहण;गठन;0
"Select the correct Hindi translation for 'Demi-official letter'";अर्ध शासकीय पत्र;शासकीय पत्र;निजी पत्र;व्यापारिक पत्र;0
"What is the Hindi equivalent of 'Demonetization'";विमुद्रीकरण;मुद्रीकरण;अवमूल्यन;अधिमूल्यन;0
"Choose the correct meaning of 'Demonstration effect'";प्रदर्शन प्रभाव;आय प्रभाव;मूल्य प्रभाव;प्रतिस्थापन प्रभाव;0
"Select the correct Hindi translation for 'Demotion'";पदावनति;पदोन्नति;स्थानांतरण;निलंबन;0
"In a professional context, what does 'Demurrage' mean?";विलंब शुल्क;अग्रिम शुल्क;पंजीकरण शुल्क;सेवा शुल्क;0
"What is the technical term for 'Demutualization'";पृथक्करण;एकीकरण;सहकारिता;साझेदारी;0
"Identify the correct Hindi translation for 'Denationalize'";अराष्ट्रिकीकरण / राष्ट्रिकता छीन लेना;राष्ट्रीयकरण;निजीकरण;उदारीकरण;0
"Select the correct Hindi translation for 'Denomination'";मूल्यवर्ग;मुद्रा;सिक्का;नोट;0
"What is the Hindi equivalent of 'Denomination in Indian rupee'";भारतीय रुपए में मूल्यवर्गित;विदेशी मुद्रा में मूल्यवर्गित;स्वर्ण में मूल्यवर्गित;डॉलर में मूल्यवर्गित;0
"Choose the correct meaning of 'Denomination of security'";प्रतिभूति का अंकित मूल्य;प्रतिभूति का बाजार मूल्य;प्रतिभूति का क्रय मूल्य;प्रतिभूति का विक्रय मूल्य;0
"Select the correct Hindi translation for 'Denominational value'";अंकित मूल्य;बाजार मूल्य;वसूली मूल्य;बही मूल्य;0
"In a professional context, what does 'Denomination-wise circulation' mean?";मूल्यवर्गवार मुद्रा-संचलन;क्षेत्रवार मुद्रा-संचलन;राज्यवार मुद्रा-संचलन;बैंकवार मुद्रा-संचलन;0
"What is the technical term for 'Denomination-wise classification'";मूल्यवर्गवार वर्गीकरण;क्षेत्रवार वर्गीकरण;विषयवार वर्गीकरण;कालवार वर्गीकरण;0
"Identify the correct Hindi translation for 'Denominator'";हर;अंश;भाजक;शेषफल;0
"Select the correct Hindi translation for 'Denotification'";अधिसूचना रद्द करना;अधिसूचना जारी करना;अधिसूचना संशोधन;अधिसूचना विस्तार;0
"What is the Hindi equivalent of 'Density of population'";जनसंख्या का घनत्व / सघनता;जनसंख्या वृद्धि;जनसंख्या नियंत्रण;जनसंख्या वितरण;0
"Choose the correct meaning of 'De-obligation'";दायित्व समाप्ति;दायित्व ग्रहण;दायित्व हस्तांतरण;दायित्व निर्वहन;0
"Select the correct Hindi translation for 'Departmental accounts'";विभागीय लेखे;केंद्रीय लेखे;शाखा लेखे;एकीकृत लेखे;0
"In a professional context, what does 'Dependents' mean?";आश्रित;स्वतंत्र;अभिभावक;पड़ोसी;0
"What is the technical term for 'Dependency'";निर्भरता;स्वतंत्रता;स्वायत्तता;संप्रभुता;0
"Identify the correct Hindi translation for 'Depleted investment pipeline'";निःशेषित निवेश प्रक्रिया;सक्रिय निवेश प्रक्रिया;रुकी हुई निवेश प्रक्रिया;नई निवेश प्रक्रिया;0
"Select the correct Hindi translation for 'Depletion'";निःशेषण;भराव;वृद्धि;संचय;0
"What is the Hindi equivalent of 'Depletion of balance'";जमा / शेष राशि का निःशेषण;जमा राशि में वृद्धि;जमा राशि का हस्तांतरण;जमा राशि का ब्याज;0
"Choose the correct meaning of 'Depletion of reserves'";प्रारक्षित निधि का निःशेषण / रिक्त होना;प्रारक्षित निधि का निर्माण;प्रारक्षित निधि का विनियोग;प्रारक्षित निधि का अंकेक्षण;0
"Select the correct Hindi translation for 'Deployment of funds'";निधियों का अभिनियोजन;निधियों का संग्रहण;निधियों का वितरण;निधियों का अपव्यय;0
"In a professional context, what does 'Deponent' mean?";अभिसाक्षी / बयान देनेवाला;वादी;प्रतिवादी;न्यायाधीश;0
"What is the technical term for 'Depopulation'";जनसंख्या ह्रास;जनसंख्या वृद्धि;जनसंख्या विस्फोट;जनसंख्या स्थिरता;0
"Identify the correct Hindi translation for 'Depose'";अभिसाक्ष्य / बयान;जिरह;फैसला;अपील;0
"Select the correct Hindi translation for 'Deposit'";1. जमा / निक्षेप 2. जमा करना;निकालना;उधार देना;खर्च करना;0
"What is the Hindi equivalent of 'Deposit account'";जमा लेखा;ऋण लेखा;व्यय लेखा;लाभ लेखा;0
"Choose the correct meaning of 'Deposit accretion'";जमा अनुवृद्धि;जमा निकासी;जमा ब्याज;जमा कर;0
"Select the correct Hindi translation for 'Deposit at call'";मांग पर देय जमाराशि;सावधि जमाराशि;आवर्ती जमाराशि;सुरक्षित जमाराशि;0
"In a professional context, what does 'Deposit banking' mean?";जमा बैंकिंग;मर्चेंट बैंकिंग;निवेश बैंकिंग;इस्लामिक बैंकिंग;0
"What is the technical term for 'Deposit cheque'";जमा किया गया चेक;भुनाया गया चेक;बाउंस चेक;जारी किया गया चेक;0
"Identify the correct Hindi translation for 'Deposit erosion'";जमाह्रास / जमा का कम होना;जमा वृद्धि;जमा स्थिरता;जमा सुरक्षा;0
"Select the correct Hindi translation for 'Deposit insurance'";जमा बीमा;जीवन बीमा;वाहन बीमा;फसल बीमा;0
"What is the Hindi equivalent of 'Deposit liabilities'";जमा देयताएं;जमा आस्तियां;जमा ब्याज;जमा रसीदें;0
"Choose the correct meaning of 'Deposit mix'";विभिन्न जमाराशियां / जमा सम्मिश्र;जमा रसीद;जमा पर्ची;जमा खाता;0
"Select the correct Hindi translation for 'Deposit mobilization'";जमा संग्रहण / जुटाना;जमा वितरण;जमा निकासी;जमा बीमा;0
"In a professional context, what does 'Deposit money' mean?";जमा रकम;उधार रकम;नकद रकम;काला धन;0
"What is the technical term for 'Deposit of stock'";माल जमा;माल बिक्री;माल खरीद;माल ढुलाई;0
"Identify the correct Hindi translation for 'Deposit premium'";जमा प्रीमियम / निक्षेप प्रीमियम;जोखिम प्रीमियम;किस्त प्रीमियम;वार्षिक प्रीमियम;0
"Select the correct Hindi translation for 'Deposit rate'";जमा ब्याज दर;उधार ब्याज दर;बैंक दर;रेपो दर;0
"What is the Hindi equivalent of 'Deposit register'";जमा रजिस्टर;ऋण रजिस्टर;चेक रजिस्टर;बिल रजिस्टर;0
"Choose the correct meaning of 'Deposit scheme'";जमा / निक्षेप योजना;ऋण योजना;बीमा योजना;पेंशन योजना;0
"Select the correct Hindi translation for 'Deposit slip'";जमा पर्ची;निकासी पर्ची;चेक;ड्राफ्ट;0
"In a professional context, what does 'Deposit turnover' mean?";जमा आवर्त / कुल रकम;जमा शेष;जमा ब्याज;जमा अवधि;0
"What is the technical term for 'Deposit warrant'";जमा वारंट;गिरफ्तारी वारंट;तलाशी वारंट;कुर्की वारंट;0
"Identify the correct Hindi translation for 'Depositor'";जमाकर्ता / निक्षेपक;ऋणदाता;देनदार;लाभार्थी;0
"Select the correct Hindi translation for 'Deposit-oriented accounts'";जमा-उन्मुख खाते;ऋण-उन्मुख खाते;लाभ-उन्मुख खाते;सेवा-उन्मुख खाते;0
"What is the Hindi equivalent of 'Depositor\'s ledger'";जमाकर्ता खाताबही;ऋणकर्ता खाताबही;बैंक खाताबही;रोकड़ बही;0
"Choose the correct meaning of 'Depository'";निक्षेपागार / भंडार;कारखाना;दुकान;बाजार;0
"Select the correct Hindi translation for 'Depository bank'";निक्षेपागार बैंक;व्यापारिक बैंक;केंद्रीय बैंक;ग्रामीण बैंक;0
"In a professional context, what does 'Depository participant' mean?";निक्षेपागार सहभागी;निक्षेपागार प्रबंधक;निक्षेपागार लिपिक;निक्षेपागार ग्राहक;0
"What is the technical term for 'Deposits at short notice'";अल्प सूचना पर देय जमाराशियां;सावधि जमाराशियां;मांग जमाराशियां;आवर्ती जमाराशियां;0
"Identify the correct Hindi translation for 'Depreciable assets'";अवक्षयी आस्तियां;स्थायी आस्तियां;अचल आस्तियां;चालू आस्तियां;0
"Select the correct Hindi translation for 'Depreciate'";मूल्यह्रास होना;मूल्यवृद्धि होना;स्थिर रहना;महंगा होना;0
"What is the Hindi equivalent of 'Depreciated value'";ह्रासित मूल्य;वर्धित मूल्य;बाजार मूल्य;अंकित मूल्य;0
"Choose the correct meaning of 'Depreciation'";मूल्यह्रास / भाव में कमी;मूल्यवृद्धि;अधिमूल्यन;मुद्रास्फीति;0
"Select the correct Hindi translation for 'Depreciation account'";मूल्यह्रास लेखा;मूल्यवृद्धि लेखा;लाभ लेखा;हानि लेखा;0
"In a professional context, what does 'Depreciation and other non-cash charges' mean?";मूल्यह्रास और अन्य गैर-नकदी प्रभार;मूल्यह्रास और नकदी प्रभार;ब्याज और नकदी प्रभार;वेतन और नकदी प्रभार;0
"What is the technical term for 'Depreciation by revaluation'";पुनर्मूल्यन ह्रास;ऐतिहासिक ह्रास;वार्षिक ह्रास;त्वरित ह्रास;0
"Identify the correct Hindi translation for 'Depreciation charges'";मूल्यह्रास प्रभार;ब्याज प्रभार;रखरखाव प्रभार;बीमा प्रभार;0
"Select the correct Hindi translation for 'Depreciation cost'";मूल्यह्रास लागत;मूल लागत;बाजार लागत;प्रतिस्थापन लागत;0
"What is the Hindi equivalent of 'Depreciation fund'";मूल्यह्रास निधि;संचित निधि;पेंशन निधि;भविष्य निधि;0
"Choose the correct meaning of 'Depreciation fund investment account'";मूल्यह्रास निधि निवेश खाता;संचित निधि निवेश खाता;पेंशन निधि निवेश खाता;बीमा निधि निवेश खाता;0
"Select the correct Hindi translation for 'Depreciation of money'";मुद्रा मूल्यह्रास;मुद्रा अधिमूल्यन;मुद्रा संकुचन;मुद्रा प्रसार;0
"In a professional context, what does 'Depreciation provision' mean?";मूल्यह्रास प्रावधान;ब्याज प्रावधान;कर प्रावधान;लाभांश प्रावधान;0
"What is the technical term for 'Depreciation reserve'";मूल्यह्रास आरक्षित निधि;सामान्य आरक्षित निधि;पूंजी आरक्षित निधि;राजस्व आरक्षित निधि;0
"Identify the correct Hindi translation for 'Depressed class'";दलित वर्ग;उच्च वर्ग;मध्यम वर्ग;धनी वर्ग;0
"Select the correct Hindi translation for 'Depressed new investment'";न्यून नव निवेश;अधिक नव निवेश;स्थिर नव निवेश;शून्य नव निवेश;0
"What is the Hindi equivalent of 'Depression'";महामंदी;तेजी;उछाल;सुधार;0
"Choose the correct meaning of 'Depression in trade'";व्यापार में मंदी;व्यापार में तेजी;व्यापार में स्थिरता;व्यापार में वृद्धि;0
"Select the correct Hindi translation for 'Deputation'";प्रतिनियुक्ति / शिष्टमंडल;नियुक्ति;बर्खास्तगी;निलंबन;0
"In a professional context, what does 'Derate' mean?";दर बिगाड़ देना;दर तय करना;दर बढ़ाना;दर घटाना;0
"What is the technical term for 'Derating of stock'";स्टॉक के निर्धारित मूल्य में कमी करना / दर-न्यूनीकरण;स्टॉक मूल्य बढ़ाना;स्टॉक बेचना;स्टॉक खरीदना;0
"Identify the correct Hindi translation for 'Deregulated interest rate system'";अविनियमित ब्याज दर प्रणाली;विनियमित ब्याज दर प्रणाली;स्थिर ब्याज दर प्रणाली;उच्च ब्याज दर प्रणाली;0
"Select the correct Hindi translation for 'Deregulation'";अविनियमन / विनियमन हटाना;विनियमन;राष्ट्रीयकरण;निजीकरण;0
"What is the Hindi equivalent of 'Dereliction of duty'";कर्तव्य की अवहेलना;कर्तव्य पालन;कर्तव्य बोध;कर्तव्य निष्ठा;0
"Choose the correct meaning of 'Derequisition'";अधिग्रहण से छुड़ाना / अधिग्रहण मोचन;अधिग्रहण;जब्ती;कुर्की;0
"Select the correct Hindi translation for 'Dereservation of post'";पद का अनारक्षण;पद का आरक्षण;पद की समाप्ति;पद का सृजन;0
"In a professional context, what does 'Derivative deposit' mean?";व्युत्पन्नी जमा;प्राथमिक जमा;मांग जमा;सावधि जमा;0
"What is the technical term for 'Derivative mortgage'";व्युत्पन्नी बंधक;साधारण बंधक;सशर्त बंधक;भोग बंधक;0
"Identify the correct Hindi translation for 'Derived demand'";व्युत्पन्न मांग;प्रत्यक्ष मांग;सामूहिक मांग;बाजार मांग;0
"Select the correct Hindi translation for 'Derived value'";व्युत्पन्न मूल्य;मूल मूल्य;बाजार मूल्य;अंकित मूल्य;0
"What is the Hindi equivalent of 'Desequester'";अवपृथक्करण;पृथक्करण;एकीकरण;विलय;0
"Choose the correct meaning of 'Designate'";अभिहित करना / पदनामित करना;नियुक्त करना;बर्खास्त करना;निलंबित करना;0
"Select the correct Hindi translation for 'Designated currency'";नामित मुद्रा;विदेशी मुद्रा;स्थानीय मुद्रा;आरक्षित मुद्रा;0
"In a professional context, what does 'Designation' mean?";पदनाम;नाम;पता;विभाग;0
"What is the technical term for 'Desired action'";वांछित कार्रवाई;अवांछित कार्रवाई;कानूनी कार्रवाई;अनुशासनात्मक कार्रवाई;0
"Identify the correct Hindi translation for 'Despatch'";प्रेषण / भेजना;प्राप्ति;संग्रह;वितरण;0
"Select the correct Hindi translation for 'Despatch money'";त्वरित लदान शुल्क;विलंब शुल्क;भाड़ा;बीमा शुल्क;0
"What is the Hindi equivalent of 'Despatch register'";प्रेषण रजिस्टर;प्राप्ति रजिस्टर;स्टॉक रजिस्टर;उपस्थिति रजिस्टर;0
"Choose the correct meaning of 'Destination'";गंतव्य / स्थान;उद्गम;मार्ग;पड़ाव;0
"Select the correct Hindi translation for 'Destination price'";गंतव्य कीमत;उद्गम कीमत;बाजार कीमत;लागत कीमत;0
"In a professional context, what does 'Destruction' mean?";विनाश / नष्ट करना;निर्माण;सृजन;संरक्षण;0
"What is the technical term for 'Destruction of notes'";नोट नष्ट करना;नोट छापना;नोट जारी करना;नोट बदलना;0
"Identify the correct Hindi translation for 'Destructive competition'";घातक प्रतियोगिता;स्वस्थ प्रतियोगिता;सीमित प्रतियोगिता;शून्य प्रतियोगिता;0
"Select the correct Hindi translation for 'Detailed audit'";विस्तृत / ब्योरेवार लेखा-परीक्षा;सरसरी लेखा-परीक्षा;आंतरिक लेखा-परीक्षा;सांविधिक लेखा-परीक्षा;0
"What is the Hindi equivalent of 'Detailed report'";विस्तृत / ब्योरेवार रिपोर्ट;संक्षिप्त रिपोर्ट;मौखिक रिपोर्ट;अंतरिम रिपोर्ट;0
"Choose the correct meaning of 'Detention'";निरोध / रोक;रिहाई;जमानत;बरी;0
"Select the correct Hindi translation for 'Detention charges'";रुकाई प्रभार;वसूली प्रभार;ब्याज प्रभार;बीमा प्रभार;0
"In a professional context, what does 'Deterioration' mean?";क्षय / कमी / गिरावट;सुधार;वृद्धि;स्थिरता;0
"What is the technical term for 'Determinants'";निर्धारक / तत्व;परिणाम;प्रभाव;संकेतक;0
"Identify the correct Hindi translation for 'Determination of price'";कीमत निर्धारण;कीमत नियंत्रण;कीमत वृद्धि;कीमत घटौती;0
"Select the correct Hindi translation for 'Determination of value'";मूल्य निर्धारण;मूल्य ह्रास;मूल्य वृद्धि;मूल्य स्थिरता;0
"What is the Hindi equivalent of 'Detrimental'";अहितकर / हानिकर;हितकर;लाभकारी;उपयोगी;0
"Choose the correct meaning of 'Detrimental to the interest of depositors'";जमाकर्ताओं के हितों के प्रतिकूल;जमाकर्ताओं के हितों के अनुकूल;बैंक के हितों के प्रतिकूल;सरकार के हितों के प्रतिकूल;0
"Select the correct Hindi translation for 'Devaluation'";अवमूल्यन;अधिमूल्यन;पुनर्मूल्यांकन;विमुद्रीकरण;0
"In a professional context, what does 'Devaluation of currency' mean?";मुद्रा का अवमूल्यन;मुद्रा का अधिमूल्यन;मुद्रा का विमुद्रीकरण;मुद्रा का जारीकरण;0
"What is the technical term for 'Developed country'";विकसित देश;विकासशील देश;अविकसित देश;गरीब देश;0
"Identify the correct Hindi translation for 'Developing country'";विकासशील देश;विकसित देश;अमीर देश;औद्योगिक देश;0
"Select the correct Hindi translation for 'Developing economy'";विकासशील / विकासोन्मुख अर्थव्यवस्था;विकसित अर्थव्यवस्था;पिछड़ी अर्थव्यवस्था;बंद अर्थव्यवस्था;0
"What is the Hindi equivalent of 'Developing member countries'";विकासशील सदस्य देश;विकसित सदस्य देश;गैर-सदस्य देश;पड़ोसी देश;0
"Choose the correct meaning of 'Development'";विकास / गतिविधि;ह्रास;पतन;स्थिरता;0
"Select the correct Hindi translation for 'Development expenses'";विकास खर्च / व्यय;स्थापना खर्च;वेतन खर्च;यात्रा खर्च;0
"In a professional context, what does 'Development farming' mean?";विकासशील खेती;पारंपरिक खेती;जैविक खेती;झूम खेती;0
"What is the technical term for 'Development fund'";विकास निधि;राहत निधि;पेंशन निधि;बीमा निधि;0
"Identify the correct Hindi translation for 'Development grants'";विकास अनुदान;राहत अनुदान;शोध अनुदान;यात्रा अनुदान;0
"Select the correct Hindi translation for 'Development loan fund'";विकास ऋण निधि;आवास ऋण निधि;शिक्षा ऋण निधि;कृषि ऋण निधि;0
"What is the Hindi equivalent of 'Development planning'";विकास आयोजना;आर्थिक आयोजना;सामाजिक आयोजना;शहरी आयोजना;0
"Choose the correct meaning of 'Development rebate reserve'";विकास रिबेट प्रारक्षित निधि;सामान्य प्रारक्षित निधि;पूंजी प्रारक्षित निधि;राजस्व प्रारक्षित निधि;0
"Select the correct Hindi translation for 'Deviation'";विचलन / पथांतर;पालन;अनुसरण;समानता;0
"In a professional context, what does 'Devolution' mean?";न्यागमन / अंतरण;ग्रहण;संग्रहण;वितरण;0
"What is the technical term for 'Devolution of joint rights'";संयुक्त अधिकारों का न्यागमन;एकल अधिकारों का न्यागमन;संपत्ति का न्यागमन;दायित्वों का न्यागमन;0
"Identify the correct Hindi translation for 'Devolution of tax revenues'";कर राजस्व का न्यागमन;कर राजस्व का संग्रह;कर राजस्व का वितरण;कर राजस्व का उपयोग;0
"Select the correct Hindi translation for 'Devolve'";न्यागत होना;समाप्त होना;शुरू होना;रुकना;0
"What is the Hindi equivalent of 'Devolvement'";न्यागमन;अधिग्रहण;विलय;विभाजन;0
"Choose the correct meaning of 'Diagram'";आरेख;चित्र;मानचित्र;ग्राफ;0
"Select the correct Hindi translation for 'Diarizing'";डायरी में चढ़ाना / दर्ज करना;फाइल करना;प्रेषित करना;नष्ट करना;0
"In a professional context, what does 'Dichotomic money market' mean?";द्विभाजित / द्विभाजी मुद्रा बाजार;एकीकृत मुद्रा बाजार;विकसित मुद्रा बाजार;अंतर्राष्ट्रीय मुद्रा बाजार;0
"What is the technical term for 'Diem allowance'";दैनिक भत्ता;मासिक भत्ता;वार्षिक भत्ता;यात्रा भत्ता;0
"Identify the correct Hindi translation for 'Different signature'";भिन्न हस्ताक्षर;समान हस्ताक्षर;जाली हस्ताक्षर;अधूरे हस्ताक्षर;0
"Select the correct Hindi translation for 'Differential coefficient'";भिन्न गुणांक;समान गुणांक;स्थिर गुणांक;शून्य गुणांक;0
"What is the Hindi equivalent of 'Differential debt-equity ratio'";विभेदक कर्ज-इक्विटी अनुपात;समान कर्ज-इक्विटी अनुपात;स्थिर कर्ज-इक्विटी अनुपात;शून्य कर्ज-इक्विटी अनुपात;0
"Choose the correct meaning of 'Differential rate of interest scheme'";विभेदक ब्याज दर योजना;समान ब्याज दर योजना;चक्रवृद्धि ब्याज दर योजना;साधारण ब्याज दर योजना;0
"Select the correct Hindi translation for 'Diffusion of ownership'";स्वामित्त्व प्रसार;स्वामित्त्व संकेंद्रण;स्वामित्त्व हस्तांतरण;स्वामित्त्व समाप्ति;0
"In a professional context, what does 'Digital signature' mean?";डिजिटल हस्ताक्षर;हस्तलिखित हस्ताक्षर;अंगूठे का निशान;मुहर;0
"What is the technical term for 'Digressive taxation'";व्यतिक्रमी कराधान;प्रगामी कराधान;प्रतिगामी कराधान;अनुपातिक कराधान;0
"Identify the correct Hindi translation for 'Dilapidated notes'";जीर्ण-शीर्ण नोट;नए नोट;जाली नोट;विदेशी नोट;0
"Select the correct Hindi translation for 'Diminishing balance method'";ह्रासमान शेष प्रणाली;स्थिर किश्त प्रणाली;वार्षिकी प्रणाली;बीमा पॉलिसी प्रणाली;0
"What is the Hindi equivalent of 'Diminishing productivity'";ह्रासमान उत्पादकता;वर्धमान उत्पादकता;स्थिर उत्पादकता;शून्य उत्पादकता;0
"Choose the correct meaning of 'Diminishing return'";ह्रासमान प्रतिलाभ;वर्धमान प्रतिलाभ;स्थिर प्रतिलाभ;शून्य प्रतिलाभ;0
"Select the correct Hindi translation for 'Diminishing utility'";ह्रासमान उपयोगिता;वर्धमान उपयोगिता;सीमांत उपयोगिता;कुल उपयोगिता;0
"In a professional context, what does 'Diminution in value of investment' mean?";निवेशों के मूल्य में ह्रास;निवेशों के मूल्य में वृद्धि;निवेशों के मूल्य में स्थिरता;निवेशों का विक्रय;0
"What is the technical term for 'Dip in growth'";संवृद्धि में गिरावट;संवृद्धि में उछाल;संवृद्धि में स्थिरता;संवृद्धि में रोक;0
"Identify the correct Hindi translation for 'Diplomatic goods'";राजनयिक वस्तुएं;व्यापारिक वस्तुएं;निजी वस्तुएं;प्रतिबंधित वस्तुएं;0
"Select the correct Hindi translation for 'Direct'";प्रत्यक्ष / सीधा;परोक्ष;टेढ़ा;जटिल;0
"What is the Hindi equivalent of 'Direct action'";सीधी / प्रत्यक्ष कार्रवाई;कानूनी कार्रवाई;गुप्त कार्रवाई;विलंबित कार्रवाई;0
"Choose the correct meaning of 'Direct arbitrage'";प्रत्यक्ष अंतरपणन;परोक्ष अंतरपणन;त्रिकोणीय अंतरपणन;बहुपक्षीय अंतरपणन;0
"Select the correct Hindi translation for 'Direct assistance scheme'";प्रत्यक्ष सहायता योजना;परोक्ष सहायता योजना;विदेशी सहायता योजना;तकनीकी सहायता योजना;0
"In a professional context, what does 'Direct burden of taxation' mean?";प्रत्यक्ष कर भार;अप्रत्यक्ष कर भार;छिपा हुआ कर भार;स्थानांतरित कर भार;0
"What is the technical term for 'Direct capital outlay'";प्रत्यक्ष पूंजीगत परिव्यय;परोक्ष पूंजीगत परिव्यय;राजस्व परिव्यय;आकस्मिक परिव्यय;0
"Identify the correct Hindi translation for 'Direct cost'";प्रत्यक्ष लागत;अप्रत्यक्ष लागत;नियत लागत;परिवर्तनशील लागत;0
"Select the correct Hindi translation for 'Direct debit'";सीधे नामे डालना;सीधे जमा करना;नकद भुगतान;चेक भुगतान;0
"What is the Hindi equivalent of 'Direct demand'";प्रत्यक्ष मांग;परोक्ष मांग;व्युत्पन्न मांग;सामूहिक मांग;0
"Choose the correct meaning of 'Direct finance'";प्रत्यक्ष वित्त;परोक्ष वित्त;विदेशी वित्त;घाटे का वित्त;0
"Select the correct Hindi translation for 'Direct financing'";प्रत्यक्ष वित्तपोषण;परोक्ष वित्तपोषण;बैंक वित्तपोषण;बाजार वित्तपोषण;0
"In a professional context, what does 'Direct grant' mean?";प्रत्यक्ष अनुदान;परोक्ष अनुदान;सशर्त अनुदान;ब्याज मुक्त ऋण;0
"What is the technical term for 'Direct investment'";प्रत्यक्ष निवेश;पोर्टफोलियो निवेश;परोक्ष निवेश;अल्पकालिक निवेश;0
"Identify the correct Hindi translation for 'Direct liability'";प्रत्यक्ष देयता;आकस्मिक देयता;परोक्ष देयता;संभावित देयता;0
"Select the correct Hindi translation for 'Direct loss'";प्रत्यक्ष हानि;परोक्ष हानि;काल्पनिक हानि;शुद्ध लाभ;0
"What is the Hindi equivalent of 'Direct marketing'";प्रत्यक्ष विपणन;परोक्ष विपणन;ऑनलाइन विपणन;नेटवर्क विपणन;0
"Choose the correct meaning of 'Direct payment procedure'";प्रत्यक्ष भुगतान प्रक्रिया;परोक्ष भुगतान प्रक्रिया;किस्त भुगतान प्रक्रिया;विलंबित भुगतान प्रक्रिया;0
"Select the correct Hindi translation for 'Direct production'";प्रत्यक्ष उत्पादन;परोक्ष उत्पादन;मास उत्पादन;बैच उत्पादन;0
"In a professional context, what does 'Direct quotation' mean?";प्रत्यक्ष दर;परोक्ष दर;वायदा दर;हाजिर दर;0
"What is the technical term for 'Direct reduction mortgage'";प्रत्यक्ष घटत बंधक;स्थिर बंधक;बढ़त बंधक;परिवर्तनीय बंधक;0
"Identify the correct Hindi translation for 'Direct tax'";प्रत्यक्ष कर;अप्रत्यक्ष कर;बिक्री कर;सेवा कर;0
"Select the correct Hindi translation for 'Direct tax code (DTC)'";प्रत्यक्ष कर संहिता;अप्रत्यक्ष कर संहिता;आयकर अधिनियम;संपत्ति कर अधिनियम;0
"What is the Hindi equivalent of 'Direct trade'";प्रत्यक्ष व्यापार;परोक्ष व्यापार;विदेशी व्यापार;काली बाजारी;0
"Choose the correct meaning of 'Direct underwriter'";सीधा हामीदार;उप-हामीदार;दलाल;एजेंट;0
"Select the correct Hindi translation for 'Direct utility'";प्रत्यक्ष उपयोगिता;परोक्ष उपयोगिता;सीमांत उपयोगिता;कुल उपयोगिता;0
"In a professional context, what does 'Direct verification' mean?";प्रत्यक्ष सत्यापन;परोक्ष सत्यापन;दस्तावेजी सत्यापन;भौतिक सत्यापन;0
"What is the technical term for 'Direct wages'";प्रत्यक्ष मजदूरी;अप्रत्यक्ष मजदूरी;वेतन;बोनस;0
"Identify the correct Hindi translation for 'Directed credit'";निर्देशित ऋण;मुक्त ऋण;बाजार ऋण;उपभोग ऋण;0
"Select the correct Hindi translation for 'Direction'";निदेशन / दिशा;गति;वेग;दूरी;0
"What is the Hindi equivalent of 'Directive'";निदेश;सुझाव;निवेदन;प्रस्ताव;0
"Choose the correct meaning of 'Directive principles'";निर्देशक सिद्धांत;मौलिक अधिकार;कानूनी अधिकार;नैतिक कर्तव्य;0
"Select the correct Hindi translation for 'Directorate'";निदेशालय;सचिवालय;मंत्रालय;दूतावास;0
"In a professional context, what does 'Director\'s fees' mean?";निदेशक की फीस;निदेशक का वेतन;निदेशक का बोनस;निदेशक का कमीशन;0
"What is the technical term for 'Director\'s remuneration'";निदेशक का पारिश्रमिक;निदेशक का लाभांश;निदेशक का खर्च;निदेशक का ऋण;0
"Identify the correct Hindi translation for 'Dirty float'";नियंत्रित विदेशी मुद्रा विनिमय;मुक्त विदेशी मुद्रा विनिमय;स्थिर विदेशी मुद्रा विनिमय;नियत विदेशी मुद्रा विनिमय;0
"Select the correct Hindi translation for 'Dirty price'";सकल कीमत / ब्याज सहित कीमत;शुद्ध कीमत;लागत कीमत;बाजार कीमत;0
"What is the Hindi equivalent of 'Disability'";निर्योग्यता / अक्षमता;योग्यता;क्षमता;कुशलता;0
"Choose the correct meaning of 'Disadvantageous'";अहितकर;हितकर;लाभकारी;उपयोगी;0
"Select the correct Hindi translation for 'Disadvantages'";अलाभ / अहित;लाभ;फायदा;उपयोगिता;0
"In a professional context, what does 'Disaggregated objectives' mean?";भिन्न-भिन्न किस्म के उद्देश्य;समान उद्देश्य;एकीकृत उद्देश्य;अस्पष्ट उद्देश्य;0
"What is the technical term for 'Disagio'";विदेशी विनिमय बट्टा;देसी विनिमय बट्टा;ब्याज बट्टा;नकद बट्टा;0
"Identify the correct Hindi translation for 'Disallow'";अस्वीकार / नामंजूर करना;स्वीकार करना;अनुमोदन करना;प्रस्ताव करना;0
"Select the correct Hindi translation for 'Disapproval'";अननुमोदन;अनुमोदन;सहमति;प्रशंसा;0
"What is the Hindi equivalent of 'Disaster management'";आपदा प्रबंधन;संकट प्रबंधन;जोखिम प्रबंधन;वित्तीय प्रबंधन;0
"Choose the correct meaning of 'Disbursal profile'";संवितरण अनुसूची रूपरेखा;वसूली अनुसूची;जमा अनुसूची;ब्याज अनुसूची;0
"Select the correct Hindi translation for 'Disburse'";संवितरित करना / चुकाना;जमा करना;वसूली करना;निवेश करना;0
"In a professional context, what does 'Disbursement' mean?";संवितरण;संग्रहण;बचत;लाभ;0
"What is the technical term for 'Discharge'";उन्मोचन / चुकाना / सेवामुक्त करना;नियुक्ति;भर्ती;पदोन्नति;0
"Identify the correct Hindi translation for 'Discharge by alteration'";परिवर्तन द्वारा उन्मोचन;भुगतान द्वारा उन्मोचन;एवजी द्वारा उन्मोचन;रद्दीकरण द्वारा उन्मोचन;0
"Select the correct Hindi translation for 'Discharge by payment'";भुगतान द्वारा उन्मोचन;परिवर्तन द्वारा उन्मोचन;समय बीतने से उन्मोचन;दिवालियापन से उन्मोचन;0
"What is the Hindi equivalent of 'Discharge by substitution'";एवजी द्वारा उन्मोचन;भुगतान द्वारा उन्मोचन;माफी द्वारा उन्मोचन;समझौते द्वारा उन्मोचन;0
"Choose the correct meaning of 'Discharge certificate'";उन्मोचन / चुकौती प्रमाणपत्र;ऋण प्रमाणपत्र;जमा प्रमाणपत्र;बीमा प्रमाणपत्र;0
"Select the correct Hindi translation for 'Discharge from liability'";देयता से उन्मोचित / मुक्त;देयता से ग्रस्त;देयता में वृद्धि;देयता का हस्तांतरण;0
"In a professional context, what does 'Discharge of a debtor' mean?";देनदार उन्मोचन;लेनदार उन्मोचन;बैंक उन्मोचन;जमानतदार उन्मोचन;0
"What is the technical term for 'Discharge of bill'";हुंडी / बिल की चुकौती;बिल का नवीनीकरण;बिल का अनादरण;बिल का बेचान;0
"Identify the correct Hindi translation for 'Discharge of debt'";कर्ज का उन्मोचन / चुकाना;कर्ज लेना;कर्ज देना;कर्ज माफ करना;0
"Select the correct Hindi translation for 'Discharge of goods'";माल उतराई;माल लदाई;माल भंडारण;माल बीमा;0
"What is the Hindi equivalent of 'Discharge of government securities'";सरकारी प्रतिभूतियों की चुकौती;सरकारी प्रतिभूतियों की खरीद;सरकारी प्रतिभूतियों की बिक्री;सरकारी प्रतिभूतियों का जारीकरण;0
"Choose the correct meaning of 'Discharge rate'";उन्मोचन दर / चुकौती दर;ब्याज दर;विनिमय दर;मुद्रास्फीति दर;0
"Select the correct Hindi translation for 'Discharge required'";दायित्त्व मुक्ति अपेक्षित;भुगतान अपेक्षित;जमा अपेक्षित;दस्तावेज अपेक्षित;0
"In a professional context, what does 'Discharged bankrupt' mean?";उन्मुक्त दिवालिया;घोषित दिवालिया;फरार दिवालिया;नया दिवालिया;0
"What is the technical term for 'Discharged bill'";चुकाई गई हुंडी / बिल;नकारी गई हुंडी;जाली हुंडी;खोयी हुई हुंडी;0
"Identify the correct Hindi translation for 'Discharged loan'";उन्मोचित / चुकाया गया ऋण;बकाया ऋण;डूबत ऋण;नया ऋण;0
"Select the correct Hindi translation for 'Discharged security'";उन्मोचित प्रतिभूति;गिरवी प्रतिभूति;जब्त प्रतिभूति;बेची गई प्रतिभूति;0
"What is the Hindi equivalent of 'Discharged value'";उन्मोचित / भुगतान मूल्य;बाजार मूल्य;अंकित मूल्य;लागत मूल्य;0
"Choose the correct meaning of 'Disciplinary action'";अनुशासनिक कार्रवाई;कानूनी कार्रवाई;पुलिस कार्रवाई;दंडात्मक कार्रवाई;0
"Select the correct Hindi translation for 'Disciplinary measures'";अनुशासनिक उपाय;कल्याणकारी उपाय;सुधारात्मक उपाय;वित्तीय उपाय;0
"In a professional context, what does 'Disciplinary proceedings' mean?";अनुशासनिक कार्यवाही;न्यायिक कार्यवाही;विधायी कार्यवाही;मध्यस्थता कार्यवाही;0
"What is the technical term for 'Disciplinary punishment'";अनुशासनिक दंड;आर्थिक दंड;कारावास;मृत्युदंड;0
"Identify the correct Hindi translation for 'Discipline'";अनुशासन;अव्यवस्था;विद्रोह;अराजकता;0
"Select the correct Hindi translation for 'Disciplines of market'";बाजार के विषय / अनुशासन;बाजार के नियम;बाजार के खिलाड़ी;बाजार के उत्पाद;0
"What is the Hindi equivalent of 'Disclaimer'";स्वत्वत्याग / दावात्याग / अस्वीकरण;स्वीकरण;दावा;अधिकार;0
"Choose the correct meaning of 'Disclose'";प्रकट करना / खुलासा करना;छिपाना;गुप्त रखना;नकारना;0
"Select the correct Hindi translation for 'Disclosure'";प्रकटीकरण / प्रकटन;गोपनीयता;सुरक्षा;सत्यापन;0
"In a professional context, what does 'Discommodity' mean?";अप-पण्य;पण्य;सेवा;मुद्रा;0
"What is the technical term for 'Disconcerting development'";अर्थहीन विकास / चिंताजनक विकास;संतुलित विकास;स्थिर विकास;तीव्र विकास;0
"Identify the correct Hindi translation for 'Discontinuance of business'";कारोबार बंद करना / समाप्ति;कारोबार शुरू करना;कारोबार विस्तार;कारोबार विलय;0
"Select the correct Hindi translation for 'Discontinuance of scheme'";योजना की समाप्ति;योजना का आरंभ;योजना का विस्तार;योजना का संशोधन;0
"What is the Hindi equivalent of 'Discount'";बट्टा / छूट;ब्याज;प्रीमियम;लाभांश;0
"Choose the correct meaning of 'Discount a bill'";बट्टे पर हुंडी भुनाना;बिल जारी करना;बिल स्वीकार करना;बिल अस्वीकार करना;0
"Select the correct Hindi translation for 'Discount account'";बट्टा लेखा;ब्याज लेखा;प्रीमियम लेखा;कमीशन लेखा;0
"In a professional context, what does 'Discount house' mean?";बट्टा घर / मितीकाटा गृह;बैंक;शेयर बाजार;बीमा कंपनी;0
"What is the technical term for 'Discount ledger'";बट्टा खाताबही;ब्याज खाताबही;रोकड़ बही;जर्नल;0
"Identify the correct Hindi translation for 'Discount market'";हुंडी बाजार / बट्टा बाजार;शेयर बाजार;सोना बाजार;कपड़ा बाजार;0
"Select the correct Hindi translation for 'Discount of inland documentary bills'";अंतर्देशीय प्रलेखी हुंडियों की भुनाई;विदेशी हुंडियों की भुनाई;सादी हुंडियों की भुनाई;जाली हुंडियों की भुनाई;0
"What is the Hindi equivalent of 'Discount rate'";बट्टा दर;ब्याज दर;विनिमय दर;मुद्रास्फीति दर;0
"Choose the correct meaning of 'Discounted bill'";भुनाया गया बिल;बेचा गया बिल;खरीदा गया बिल;रद्द किया गया बिल;0
"Select the correct Hindi translation for 'Discounted cash flow'";बट्टागत नकद प्रवाह;कुल नकद प्रवाह;शुद्ध नकद प्रवाह;भविष्य नकद प्रवाह;0
"In a professional context, what does 'Discounted value' mean?";बट्टागत / मितीकाटा मूल्य;अंकित मूल्य;बाजार मूल्य;परिपक्वता मूल्य;0
"What is the technical term for 'Discounter'";बट्टेवाला / बट्टा काटनेवाला;बट्टा देनेवाला;दलाल;एजेंट;0
"Identify the correct Hindi translation for 'Discredit'";साख घटाना / बदनाम करना;साख बढ़ाना;विश्वास करना;सम्मान करना;0
"Select the correct Hindi translation for 'Discrepancy'";विसंगति;संगति;समानता;एकरूपता;0
"What is the Hindi equivalent of 'Discretion'";विवेक;नियम;कानून;आदेश;0
"Choose the correct meaning of 'Discretionary accommodation'";विवेकाधीन निभाव / सहायता;अनिवार्य सहायता;वैधानिक सहायता;आकस्मिक सहायता;0
"Select the correct Hindi translation for 'Discretionary income'";स्वनिर्णयगत आय / निवल प्रयोज्य आय;सकल आय;कुल आय;कर योग्य आय;0
"In a professional context, what does 'Discretionary limit' mean?";विवेकाधीन ऋण-सीमा;वैधानिक सीमा;न्यूनतम सीमा;अधिकतम सीमा;0
"What is the technical term for 'Discretionary power'";विवेकाधिकार शक्ति;प्रदत्त शक्ति;संवैधानिक शक्ति;न्यायिक शक्ति;0
"Identify the correct Hindi translation for 'Discretionary refinance limits'";विवेकाधीन पुनर्वित्त सीमाएं;अनिवार्य पुनर्वित्त सीमाएं;स्थिर पुनर्वित्त सीमाएं;अस्थिर पुनर्वित्त सीमाएं;0
"Select the correct Hindi translation for 'Discriminating market'";भेदमूलक बाजार;समान बाजार;मुक्त बाजार;बंद बाजार;0
"What is the Hindi equivalent of 'Discriminating monopoly of first degree'";पहले दर्जे का भेदमूलक एकाधिकार;पूर्ण एकाधिकार;आंशिक एकाधिकार;द्वयाधिकार;0
"Choose the correct meaning of 'Discrimination'";विभेद / भेदभाव;समानता;निष्पक्षता;न्याय;0
"Select the correct Hindi translation for 'Discriminatory'";विभेदकारी;समानताकारी;न्यायसंगत;निष्पक्ष;0
"In a professional context, what does 'Discriminatory currency practice' mean?";विभेदकारी मुद्रा रीतियां;समान मुद्रा रीतियां;स्थिर मुद्रा रीतियां;मुक्त मुद्रा रीतियां;0
"What is the technical term for 'Discriminatory taxation'";विभेदक कराधान;समान कराधान;प्रगामी कराधान;प्रतिगामी कराधान;0
"Identify the correct Hindi translation for 'Discussion group'";चर्चा समूह;कार्यकारी समूह;सलाहकार समूह;निदेशक समूह;0
"Select the correct Hindi translation for 'Diseconomies of consumption'";उपभोग अलाभकारिता;उपभोग लाभकारिता;उत्पादन अलाभकारिता;वितरण अलाभकारिता;0
"What is the Hindi equivalent of 'Diseconomies of scale'";बड़े पैमाने की अलाभकारिता;बड़े पैमाने की किफायतें;लघु पैमाने की अलाभकारिता;लघु पैमाने की किफायतें;0
"Choose the correct meaning of 'Diseconomy'";अलाभकारिता;लाभकारिता;मितव्ययिता;दक्षता;0
"Select the correct Hindi translation for 'Disequilibrium'";विसंतुलन / असंतुलन;संतुलन;स्थिरता;साम्य;0
"In a professional context, what does 'Disguised unemployment' mean?";प्रच्छन्न बेरोजगारी;खुली बेरोजगारी;चक्रीय बेरोजगारी;मौसमी बेरोजगारी;0
"What is the technical term for 'Dishoarding'";विसंग्रहण;संग्रहण;जमाखोरी;कालाबाजारी;0
"Identify the correct Hindi translation for 'Dishonour'";नकारना / अनादरण;स्वीकारना;भुगतान करना;नवीनीकरण करना;0
"Select the correct Hindi translation for 'Dishonoured cheque'";नकारा गया / अनादृत चेक;भुनाया गया चेक;स्वीकृत चेक;पोस्ट डेटेड चेक;0
"What is the Hindi equivalent of 'Disincentive'";निरुत्साहन / अवप्रेरण;प्रोत्साहन;प्रेरणा;इनाम;0
"Choose the correct meaning of 'Disinflation'";अवस्फीति;मुद्रास्फीति;मंदी;तेजी;0
"Select the correct Hindi translation for 'Disintermediation'";विमध्यस्थीकरण;मध्यस्थता;दलाली;एजेंसी;0
"In a professional context, what does 'Disinvestment' mean?";विनिवेश;निवेश;पुनर्निवेश;बचत;0
"What is the technical term for 'Dislocation of business'";कारोबार का विस्थापन / अव्यवस्था;कारोबार का विस्तार;कारोबार का सुदृढ़ीकरण;कारोबार का विलय;0
"Identify the correct Hindi translation for 'Dismissal'";पदच्युति / बर्खास्तगी;निलंबन;नियुक्ति;पदोन्नति;0
"Select the correct Hindi translation for 'Disobedience'";अवज्ञा;आज्ञापालन;अनुशासन;सम्मान;0
"What is the Hindi equivalent of 'Disorder'";अव्यवस्था;व्यवस्था;शांति;कानून;0
"Choose the correct meaning of 'Disparity in rates'";भावों / दरों में असमानता;भावों में समानता;भावों में स्थिरता;भावों में गिरावट;0
"Select the correct Hindi translation for 'Dispensation'";प्रबंध / वितरण / छूट;संग्रह;रोक;निषेध;0
"In a professional context, what does 'Dispensation of credit' mean?";ऋण वितरण;ऋण वसूली;ऋण जमा;ऋण माफी;0
"What is the technical term for 'Dispersal'";बिखराव / छितराव;एकत्रीकरण;संकेंद्रण;संगठन;0
"Identify the correct Hindi translation for 'Dispersed industries'";प्रकीर्ण उद्योग;केंद्रित उद्योग;भारी उद्योग;लघु उद्योग;0
"Select the correct Hindi translation for 'Displaced person'";विस्थापित व्यक्ति;स्थानीय व्यक्ति;निवासी;नागरिक;0
"What is the Hindi equivalent of 'Disposable deposits'";प्रयोज्य जमाराशियां;अवरुद्ध जमाराशियां;सावधि जमाराशियां;मांग जमाराशियां;0
"Choose the correct meaning of 'Disposable income'";प्रयोज्य आय;सकल आय;कुल आय;कर योग्य आय;0
"Select the correct Hindi translation for 'Disposable resources'";प्रयोज्य संसाधन;प्राकृतिक संसाधन;मानव संसाधन;वित्तीय संसाधन;0
"In a professional context, what does 'Disposal' mean?";निपटान;संग्रहण;भंडारण;उत्पादन;0
"What is the technical term for 'Disposal of non-banking assets'";गैर-बैंकिंग आस्तियों का निपटान;बैंकिंग आस्तियों का निपटान;चल आस्तियों का निपटान;अचल आस्तियों का निपटान;0
"Identify the correct Hindi translation for 'Disposal register'";निपटान रजिस्टर;स्टॉक रजिस्टर;आवर्ती रजिस्टर;रोकड़ रजिस्टर;0
"Select the correct Hindi translation for 'Disposition cost'";निपटान लागत;उत्पादन लागत;विपणन लागत;वितरण लागत;0
"What is the Hindi equivalent of 'Dispossession'";बेकब्जा करना / बेदखल करना;कब्जा देना;स्वामित्व देना;किराए पर देना;0
"Choose the correct meaning of 'Disproportionate asset'";गैर-आनुपातिक आस्ति;आनुपातिक आस्ति;समान आस्ति;नगद आस्ति;0
"Select the correct Hindi translation for 'Disproportionate increase'";अनुपातहीन वृद्धि;आनुपातिक वृद्धि;समान वृद्धि;नगण्य वृद्धि;0
"In a professional context, what does 'Disputant' mean?";विवादी;मध्यस्थ;न्यायाधीश;गवाह;0
"What is the technical term for 'Dispute'";विवाद;समझौता;सुलह;शांति;0
"Identify the correct Hindi translation for 'Disputed'";विवादग्रस्त;निर्विवाद;स्पष्ट;निश्चित;0
"Select the correct Hindi translation for 'Disputed bill'";विवादग्रस्त बिल;स्वीकृत बिल;भुगतान किया गया बिल;नया बिल;0
"What is the Hindi equivalent of 'Disqualification'";निरर्हता / अयोग्यता;अर्हता;योग्यता;क्षमता;0
"Choose the correct meaning of 'Disqualify'";निरर्हित करना / अयोग्य ठहराना;अर्हित करना;योग्य ठहराना;चुनना;0
"Select the correct Hindi translation for 'Dissaving'";अधिव्यय / निर्बचत / ऋणात्मक बचत;बचत;निवेश;पूंजी निर्माण;0
"In a professional context, what does 'Disseisin' mean?";गैर-कानूनी बेदखली;कानूनी बेदखली;स्वैच्छिक बेदखली;अस्थायी बेदखली;0
"What is the technical term for 'Dissemination of disaggregated data'";भिन्न-भिन्न आंकड़ों का प्रसार;समेकित आंकड़ों का प्रसार;गुप्त आंकड़ों का प्रसार;गलत आंकड़ों का प्रसार;0
"Identify the correct Hindi translation for 'Dissent'";विसम्मति;सहमति;अनुमोदन;समर्थन;0
"Select the correct Hindi translation for 'Dissenting shareholder'";विसम्मत शेयरधारक;सम्मत शेयरधारक;बहुमत शेयरधारक;अल्पमत शेयरधारक;0
"What is the Hindi equivalent of 'Dissolution by the court'";न्यायालय द्वारा विघटन;साझेदारों द्वारा विघटन;लेनदारों द्वारा विघटन;स्वैच्छिक विघटन;0
"Choose the correct meaning of 'Dissolution of partnership'";भागीदारी का विघटन;भागीदारी का गठन;भागीदारी का पंजीकरण;भागीदारी का विस्तार;0
"Select the correct Hindi translation for 'Dissolve a firm'";फर्म का विघटन करना;फर्म बनाना;फर्म पंजीकृत करना;फर्म बेचना;0
"In a professional context, what does 'Distant return' mean?";दूरवर्ती प्रतिलाभ;तत्काल प्रतिलाभ;निश्चित प्रतिलाभ;शून्य प्रतिलाभ;0
"What is the technical term for 'Distinct claim'";सुभिन्न / सुस्पष्ट दावा;अस्पष्ट दावा;झूठा दावा;संयुक्त दावा;0
"Identify the correct Hindi translation for 'Distort'";विकृत करना / गलतबयानी;स्पष्ट करना;सही करना;साबित करना;0
"Select the correct Hindi translation for 'Distress borrowings'";विपत्तिकालीन उधार / आपात उधार;सामान्य उधार;दीर्घकालिक उधार;विकास उधार;0
"What is the Hindi equivalent of 'Distress inventory'";मुश्किल से बिकने वाला माल / दुर्विक्रय माल;आसानी से बिकने वाला माल;नया माल;कच्चा माल;0
"Choose the correct meaning of 'Distress sale'";आपात बिक्री / मजबूरन बिक्री;सामान्य बिक्री;नीलामी;थोक बिक्री;0
"Select the correct Hindi translation for 'Distress taccavi loan'";विपत्तिकालीन तकावी ऋण;कृषि ऋण;आवास ऋण;शिक्षा ऋण;0
"In a professional context, what does 'Distribution cost analysis' mean?";वितरण लागत विश्लेषण;उत्पादन लागत विश्लेषण;विपणन लागत विश्लेषण;प्रशासनिक लागत विश्लेषण;0
"What is the technical term for 'Distribution pattern'";वितरण का स्वरूप;उत्पादन का स्वरूप;उपभोग का स्वरूप;बचत का स्वरूप;0
"Identify the correct Hindi translation for 'Distributive market'";वितरण बाजार;थोक बाजार;खुदरा बाजार;वायदा बाजार;0
"Select the correct Hindi translation for 'Distributor'";वितरक;उत्पादक;उपभोक्ता;दलाल;0
"What is the Hindi equivalent of 'District credit plan'";जिला ऋण योजना;राज्य ऋण योजना;राष्ट्रीय ऋण योजना;ब्लॉक ऋण योजना;0
"Choose the correct meaning of 'District profiles'";जिले की रूपरेखा;राज्य की रूपरेखा;देश की रूपरेखा;गांव की रूपरेखा;0
"Select the correct Hindi translation for 'Disturbed area'";उपद्रवग्रस्त क्षेत्र;शांत क्षेत्र;विकसित क्षेत्र;पिछड़ा क्षेत्र;0
"In a professional context, what does 'Diversification of funds' mean?";निधियों का विविधीकरण;निधियों का संकेंद्रण;निधियों का दुरुपयोग;निधियों का हस्तांतरण;0
"What is the technical term for 'Diversification of risks'";जोखिमों का विशाखन / विविधीकरण;जोखिमों का संकेंद्रण;जोखिमों का उन्मूलन;जोखिमों का बीमा;0
"Identify the correct Hindi translation for 'Diversified fund'";विशाखीकृत निधि;केंद्रित निधि;संतुलित निधि;सूचकांक निधि;0
"Select the correct Hindi translation for 'Diversified line of product'";विविध उत्पाद उद्योग;एकल उत्पाद उद्योग;भारी उद्योग;कुटीर उद्योग;0
"What is the Hindi equivalent of 'Diversified purposes'";विविध प्रयोजन;एकल प्रयोजन;विशिष्ट प्रयोजन;सामान्य प्रयोजन;0
"Choose the correct meaning of 'Diversion charges'";विपथन / अपयोजन प्रभार;परिवहन प्रभार;भंडारण प्रभार;बीमा प्रभार;0
"Select the correct Hindi translation for 'Divest'";निर्निहित करना / विनिवेश करना;निवेश करना;ग्रहण करना;संचय करना;0
"In a professional context, what does 'Divesting' mean?";निर्निहितीकरण;अधिग्रहण;विलय;गठन;0
"What is the technical term for 'Dividend'";लाभांश;ब्याज;किराया;वेतन;0
"Identify the correct Hindi translation for 'Dividend appropriation account'";लाभांश विनियोजन खाता;लाभ-हानि खाता;संचित निधि खाता;पूंजी खाता;0
"Select the correct Hindi translation for 'Dividend at profit'";लाभानुसार लाभांश;निश्चित लाभांश;संचयी लाभांश;अंतरिम लाभांश;0
"What is the Hindi equivalent of 'Dividend book'";लाभांश बही;रोकड़ बही;खाता बही;शेयर बही;0
"Choose the correct meaning of 'Dividend claimed'";दावाकृत लाभांश;अदावाकृत लाभांश;प्रदत्त लाभांश;घोषित लाभांश;0
"Select the correct Hindi translation for 'Dividend earnings'";लाभांश अर्जन;ब्याज अर्जन;किराया अर्जन;पूंजीगत लाभ;0
"In a professional context, what does 'Dividend equalization fund' mean?";लाभांश समकरण निधि;मूल्यह्रास निधि;संचित निधि;पेंशन निधि;0
"What is the technical term for 'Dividend paid'";प्रदत्त लाभांश;प्राप्त लाभांश;बकाया लाभांश;अग्रिम लाभांश;0
"Identify the correct Hindi translation for 'Dividend received'";प्राप्त लाभांश;प्रदत्त लाभांश;दावाकृत लाभांश;अदावाकृत लाभांश;0
"Select the correct Hindi translation for 'Dividend scrip'";लाभांश स्क्रिप;बोनस स्क्रिप;अधिकार स्क्रिप;ऋण स्क्रिप;0
"What is the Hindi equivalent of 'Dividend surplus'";लाभांश अधिशेष;लाभांश घाटा;लाभांश भुगतान;लाभांश दर;0
"Choose the correct meaning of 'Dividend warrant'";लाभांश वारंट;ब्याज वारंट;चेक;ड्राफ्ट;0
"Select the correct Hindi translation for 'Division'";मंडल / प्रभाग / विभाजन;एकीकरण;जोड़;गुणा;0
"In a professional context, what does 'Division of labour' mean?";श्रम विभाजन;श्रम संघ;श्रम कल्याण;श्रम कानून;0
"What is the technical term for 'Dock'";गोदी / डॉक;बंदरगाह;हवाई अड्डा;स्टेशन;0
"Identify the correct Hindi translation for 'Dockage'";गोदी भाड़ा;रेल भाड़ा;हवाई भाड़ा;सड़क भाड़ा;0
"Select the correct Hindi translation for 'Docketing of voucher'";वाउचरों का सारांश / विवरण लेखन;वाउचरों का विनाश;वाउचरों का अंकेक्षण;वाउचरों का मुद्रण;0
"What is the Hindi equivalent of 'Doctored data'";मिलावटी आंकड़े / हेराफेरी;सही आंकड़े;आधिकारिक आंकड़े;कच्चे आंकड़े;0
"Choose the correct meaning of 'Document'";प्रलेख / दस्तावेज;पुस्तक;फाइल;फोल्डर;0
"Select the correct Hindi translation for 'Document against acceptance (D/A)'";स्वीकारने पर देय प्रलेख;भुगतान पर देय प्रलेख;मांग पर देय प्रलेख;दर्शनी प्रलेख;0
"In a professional context, what does 'Document against payment (D/P)' mean?";भुगतान पर देय प्रलेख;स्वीकारने पर देय प्रलेख;उधार पर देय प्रलेख;किस्त पर देय प्रलेख;0
"What is the technical term for 'Document of charge'";प्रभार प्रलेख;स्वामित्व प्रलेख;बीमा प्रलेख;वसीयत प्रलेख;0
"Identify the correct Hindi translation for 'Document of title'";हक दस्तावेज;पहचान पत्र;राशन कार्ड;पासपोर्ट;0
"Select the correct Hindi translation for 'Document of title to goods'";माल पर हक दस्तावेज;भूमि पर हक दस्तावेज;शेयर पर हक दस्तावेज;कार पर हक दस्तावेज;0
"What is the Hindi equivalent of 'Documentary'";दस्तावेजी / प्रलेखी;मौखिक;काल्पनिक;ऐतिहासिक;0
"Choose the correct meaning of 'Documentary bill'";प्रलेखी हुंडी / बिल;सादी हुंडी;दर्शनी हुंडी;मियादी हुंडी;0
"Select the correct Hindi translation for 'Documentary collections'";प्रलेखी समाहरण / वसूली;नकद वसूली;चेक वसूली;ऋण वसूली;0
"In a professional context, what does 'Documentary credit' mean?";प्रलेखी ऋण / साख;नकद ऋण;व्यक्तिगत ऋण;असुरक्षित ऋण;0
"What is the technical term for 'Documentary draft'";प्रलेखी ड्राफ्ट;मांग ड्राफ्ट;विदेशी ड्राफ्ट;बैंक ड्राफ्ट;0
"Identify the correct Hindi translation for 'Documentary evidence'";दस्तावेजी / प्रलेखी साक्ष्य;मौखिक साक्ष्य;परिस्थितिजन्य साक्ष्य;सुना-सुनाया साक्ष्य;0
"Select the correct Hindi translation for 'Documentary export bill'";प्रलेखी निर्यात बिल;प्रलेखी आयात बिल;सादा निर्यात बिल;सादा आयात बिल;0
"What is the Hindi equivalent of 'Documentary letter of credit'";प्रलेखी साख-पत्र;यात्री साख-पत्र;परिपत्र साख-पत्र;पुष्टीकृत साख-पत्र;0
"Choose the correct meaning of 'Documentary support'";प्रलेखी समर्थन;मौखिक समर्थन;नैतिक समर्थन;वित्तीय समर्थन;0
"Select the correct Hindi translation for 'Documentation'";प्रलेखीकरण;वर्गीकरण;पंजीकरण;सत्यापन;0
"In a professional context, what does 'Documentation of sale' mean?";बिक्री प्रलेखन;खरीद प्रलेखन;स्टॉक प्रलेखन;लेखा प्रलेखन;0
"What is the technical term for 'Documents against payment'";भुगतान पर देय प्रलेख;स्वीकृति पर देय प्रलेख;मांग पर देय प्रलेख;सावधि प्रलेख;0
"Identify the correct Hindi translation for 'Documents on acceptance'";सकारने / स्वीकृति पर देय प्रलेख;भुगतान पर देय प्रलेख;जमा पर देय प्रलेख;गिरवी पर देय प्रलेख;0
"Select the correct Hindi translation for 'Dollar denominated debt'";डॉलर में मूल्यवर्गित कर्ज;रुपये में मूल्यवर्गित कर्ज;यूरो में मूल्यवर्गित कर्ज;येन में मूल्यवर्गित कर्ज;0
"What is the Hindi equivalent of 'Dollar gap'";डॉलर अंतराल;डॉलर अधिशेष;डॉलर समानता;डॉलर संकट;0
"Choose the correct meaning of 'Dollar glut'";डॉलर आधिक्य;डॉलर कमी;डॉलर स्थिरता;डॉलर अवमूल्यन;0
"Select the correct Hindi translation for 'Dollar pool'";डॉलर कोष;स्वर्ण कोष;रजत कोष;मुद्रा कोष;0
"In a professional context, what does 'Domestic' mean?";देशी / आंतरिक / घरेलू;विदेशी;अंतर्राष्ट्रीय;बाहरी;0
"What is the technical term for 'Domestic asset management company'";देशी आस्ति प्रबंधन कंपनी;विदेशी आस्ति प्रबंधन कंपनी;सरकारी आस्ति प्रबंधन कंपनी;निजी आस्ति प्रबंधन कंपनी;0
"Identify the correct Hindi translation for 'Domestic assets'";देशी आस्तियां;विदेशी आस्तियां;अचल आस्तियां;चल आस्तियां;0
"Select the correct Hindi translation for 'Domestic bill'";देशी बिल;विदेशी बिल;मांग बिल;सावधि बिल;0
"What is the Hindi equivalent of 'Domestic company'";देशी कंपनी;विदेशी कंपनी;बहुराष्ट्रीय कंपनी;सरकारी कंपनी;0
"Choose the correct meaning of 'Domestic consumption'";देशी खपत / घरेलू उपभोग;विदेशी खपत;औद्योगिक खपत;वाणिज्यिक खपत;0
"Select the correct Hindi translation for 'Domestic credit'";देशी ऋण;विदेशी ऋण;अंतर्राष्ट्रीय ऋण;द्विपक्षीय ऋण;0
"In a professional context, what does 'Domestic currency unit value' mean?";देशी मुद्रा इकाई मूल्य;विदेशी मुद्रा इकाई मूल्य;स्वर्ण इकाई मूल्य;एसडीआर इकाई मूल्य;0
"What is the technical term for 'Domestic economy'";देशी अर्थव्यवस्था;विश्व अर्थव्यवस्था;खुली अर्थव्यवस्था;बंद अर्थव्यवस्था;0
"Identify the correct Hindi translation for 'Domestic finance'";देशी वित्त;विदेशी वित्त;अंतर्राष्ट्रीय वित्त;कॉरपोरेट वित्त;0
"Select the correct Hindi translation for 'Domestic liabilities'";देशी देयताएं;विदेशी देयताएं;आकस्मिक देयताएं;दीर्घकालिक देयताएं;0
"What is the Hindi equivalent of 'Domestic market'";देशी बाजार;विदेशी बाजार;अंतर्राष्ट्रीय बाजार;वैश्विक बाजार;0
"Choose the correct meaning of 'Domestic product'";देशी उत्पाद;विदेशी उत्पाद;आयातित उत्पाद;निर्यातित उत्पाद;0
"Select the correct Hindi translation for 'Domestic purchase'";देशी खरीद;विदेशी खरीद;आयात;निर्यात;0
"In a professional context, what does 'Domestic saving' mean?";देशी बचत;विदेशी बचत;कॉपोरेट बचत;सरकारी बचत;0
"What is the technical term for 'Domestic sector'";देशी क्षेत्र;विदेशी क्षेत्र;निजी क्षेत्र;सार्वजनिक क्षेत्र;0
"Identify the correct Hindi translation for 'Domestic supplies'";देशी आपूर्ति;विदेशी आपूर्ति;आयात;निर्यात;0
"Select the correct Hindi translation for 'Domestic trade'";देशी व्यापार;विदेशी व्यापार;अंतर्राष्ट्रीय व्यापार;तटीय व्यापार;0
"What is the Hindi equivalent of 'Domestic violence'";घरेलू हिंसा;कार्यस्थल हिंसा;राजनीतिक हिंसा;सामाजिक हिंसा;0
"Choose the correct meaning of 'Domicile'";अधिवास;निवास;कार्यालय;पता;0
"Select the correct Hindi translation for 'Domicile certificate'";अधिवास प्रमाणपत्र;जन्म प्रमाणपत्र;जाति प्रमाणपत्र;आय प्रमाणपत्र;0
"In a professional context, what does 'Domicile of origin' mean?";मूल अधिवास;वर्तमान अधिवास;पसंद का अधिवास;वैवाहिक अधिवास;0
"What is the technical term for 'Donated stock'";अनुदत्त स्टॉक;क्रय किया गया स्टॉक;निर्मित स्टॉक;बेचा गया स्टॉक;0
"Identify the correct Hindi translation for 'Donated surplus'";अनुदत्त अधिशेष;अर्जित अधिशेष;पूंजीगत अधिशेष;राजस्व अधिशेष;0
"Select the correct Hindi translation for 'Donation for charitable purpose'";धर्मार्थ दान;राजनीतिक दान;व्यापारिक दान;व्यक्तिगत दान;0
"What is the Hindi equivalent of 'Donee'";दानग्राही;दानदाता;ऋणी;लेनदार;0
"Choose the correct meaning of 'Donor'";दानदाता;दानग्राही;ऋणदाता;लेनदार;0
"Select the correct Hindi translation for 'Donor countries'";ऋणदाता देश;ऋणी देश;विकासशील देश;गरीब देश;0
"In a professional context, what does 'Door step banking' mean?";द्वारस्थ बैंकिंग सेवा;शाखा बैंकिंग;इंटरनेट बैंकिंग;मोबाइल बैंकिंग;0
"What is the technical term for 'Door to door campaign'";द्वार-दर-द्वार अभियान;ऑनलाइन अभियान;टेलीफोन अभियान;मीडिया अभियान;0
"Identify the correct Hindi translation for 'Dormant account'";निष्क्रिय खाते;सक्रिय खाते;चालू खाते;नये खाते;0
"Select the correct Hindi translation for 'Dormant capital'";निष्क्रिय पूंजी;सक्रिय पूंजी;कार्यशील पूंजी;स्थिर पूंजी;0
"What is the Hindi equivalent of 'Dormant gilt edged market'";निष्क्रिय श्रेष्ठ प्रतिभूति बाजार;सक्रिय शेयर बाजार;वायदा बाजार;मुद्रा बाजार;0
"Choose the correct meaning of 'Dormant partner'";निष्क्रिय भागीदार;सक्रिय भागीदार;नाममात्र भागीदार;नाबालिग भागीदार;0
"Select the correct Hindi translation for 'Dormant societies'";निष्क्रिय सोसाइटियां;सक्रिय सोसाइटियां;पंजीकृत सोसाइटियां;सहकारी सोसाइटियां;0
"In a professional context, what does 'Dose (supplementary dose of assistance)' mean?";अंश / मात्रा;दवा;खुराक;इंजेक्शन;0
"What is the technical term for 'Double account system'";दोहरी लेखा प्रणाली;इकहरी लेखा प्रणाली;नकद प्रणाली;प्रोद्भवन प्रणाली;0
"Identify the correct Hindi translation for 'Double benefit policy'";दोहरे हितलाभ की पॉलिसी;एकल हितलाभ की पॉलिसी;आजीवन पॉलिसी;सावधि पॉलिसी;0
"Select the correct Hindi translation for 'Double budget'";दोहरा बजट;संतुलित बजट;घाटे का बजट;बचत का बजट;0
"What is the Hindi equivalent of 'Double checking of notes'";नोटों की दोहरी जांच;नोटों की गिनती;नोटों की छपाई;नोटों का विनाश;0
"Choose the correct meaning of 'Double claims'";दोहरे दावे;झूठे दावे;लंबित दावे;निपटाए गए दावे;0
"Select the correct Hindi translation for 'Double cropped areas'";दोहरी फसलवाले क्षेत्र;एकल फसलवाले क्षेत्र;बंजर क्षेत्र;सिंचित क्षेत्र;0
"In a professional context, what does 'Double crossing' mean?";दोहरा रेखन;साधारण रेखन;विशेष रेखन;पूर्ण रेखन;0
"What is the technical term for 'Double digit growth'";द्वि-अंकी वृद्धि;एकल अंकी वृद्धि;ऋणात्मक वृद्धि;शून्य वृद्धि;0
"Identify the correct Hindi translation for 'Double dip recession'";दोहरी मंदी;सामान्य मंदी;तीव्र मंदी;दीर्घकालिक मंदी;0
"Select the correct Hindi translation for 'Double duty'";दोहरी ड्यूटी / दुगुना शुल्क;एकल शुल्क;शून्य शुल्क;आयात शुल्क;0
"What is the Hindi equivalent of 'Double entry'";दोहरी प्रविष्टि;इकहरी प्रविष्टि;विपरीत प्रविष्टि;समायोजन प्रविष्टि;0
"Choose the correct meaning of 'Double entry book-keeping'";दोहरी प्रविष्टि वाली बहीखाता पद्धति;इकहरी प्रविष्टि वाली पद्धति;नकद बहीखाता पद्धति;कम्प्यूटरीकृत पद्धति;0
"Select the correct Hindi translation for 'Double entry system'";दोहरी प्रविष्टि प्रणाली;इकहरी प्रविष्टि प्रणाली;भारतीय बहीखाता प्रणाली;रोमन बहीखाता प्रणाली;0
"In a professional context, what does 'Double financing' mean?";दोहरा वित्तपोषण;एकल वित्तपोषण;प्रत्यक्ष वित्तपोषण;परोक्ष वित्तपोषण;0
"What is the technical term for 'Double insurance'";दोहरा बीमा;पुनर्बीमा;सह-बीमा;समूह बीमा;0
"Identify the correct Hindi translation for 'Double option'";दोहरा विकल्प (तेजी-मंदी);क्रय विकल्प;विक्रय विकल्प;स्वैप विकल्प;0
"Select the correct Hindi translation for 'Double pricing policy'";दोहरी कीमत निर्धारण नीति;एकल कीमत नीति;बाजार कीमत नीति;लागत कीमत नीति;0
"What is the Hindi equivalent of 'Double punching'";दोहरी पंचिंग;एकल पंचिंग;गलत पंचिंग;सही पंचिंग;0
"Choose the correct meaning of 'Double taxation'";दोहरा कराधान;एकल कराधान;प्रत्यक्ष कराधान;अप्रत्यक्ष कराधान;0
"Select the correct Hindi translation for 'Double vouching'";दोहरा प्रमाणन;एकल प्रमाणन;आंतरिक प्रमाणन;बाह्य प्रमाणन;0
"In a professional context, what does 'Doubtful & loss asset' mean?";संदिग्ध तथा हानि आस्ति;मानक आस्ति;अवमानक आस्ति;निष्पादित आस्ति;0
"What is the technical term for 'Doubtful debt'";संदिग्ध कर्ज;अशोध्य कर्ज;सुरक्षित कर्ज;वसूली योग्य कर्ज;0
"Identify the correct Hindi translation for 'Doubtful debt reserve account'";संदिग्ध कर्ज प्रारक्षित लेखा;सामान्य प्रारक्षित लेखा;पूंजी प्रारक्षित लेखा;राजस्व प्रारक्षित लेखा;0
"Select the correct Hindi translation for 'Doubtful of recovery'";वसूली संदिग्ध समझी गई;वसूली निश्चित;वसूली असंभव;वसूली आंशिक;0
"What is the Hindi equivalent of 'Down payment'";तत्काल भुगतान;विलंबित भुगतान;किस्त भुगतान;अंतिम भुगतान;0
"Choose the correct meaning of 'Down period'";कार्यबंदी अवधि;व्यस्त अवधि;मंदी अवधि;तेजी अवधि;0
"Select the correct Hindi translation for 'Down turn'";गिरावट;उछाल;स्थिरता;सुधार;0
"In a professional context, what does 'Downside risk' mean?";अधोगामी / गिरावट जोखिम;ऊर्ध्वगामी जोखिम;बाजार जोखिम;साख जोखिम;0
"What is the technical term for 'Downward revision'";अधोगामी संशोधन;ऊर्ध्वगामी संशोधन;समानांतर संशोधन;शून्य संशोधन;0
"Identify the correct Hindi translation for 'Downward trend'";गिरावट की प्रवृत्ति;तेजी की प्रवृत्ति;स्थिर प्रवृत्ति;अनिश्चित प्रवृत्ति;0
"Select the correct Hindi translation for 'Draft'";1. ड्राफ्ट 2. मसौदा;चेक;बिल;रसीद;0
"What is the Hindi equivalent of 'Draft agenda'";कार्यसूची का मसौदा;बैठक का कार्यवृत्त;वार्षिक रिपोर्ट;बजट भाषण;0
"Choose the correct meaning of 'Draft and mail transfer advices'";ड्राफ्ट और डाक अंतरण सूचनाएं;तार अंतरण सूचनाएं;इलेक्ट्रॉनिक अंतरण सूचनाएं;चेक अंतरण सूचनाएं;0
"Select the correct Hindi translation for 'Draft drawn under letters of credit'";साख पत्रों के अधीन आहरित ड्राफ्ट;चेक के अधीन आहरित ड्राफ्ट;बिल के अधीन आहरित ड्राफ्ट;हुंडी के अधीन आहरित ड्राफ्ट;0
"In a professional context, what does 'Draft paid without advice' mean?";बिना सूचना के अदा किया गया ड्राफ्ट;सूचना के साथ अदा किया गया ड्राफ्ट;रद्द किया गया ड्राफ्ट;खोया हुआ ड्राफ्ट;0
"What is the technical term for 'Draft paper'";प्रारूप पत्र / मसौदा पत्र;पक्का पत्र;अंतिम पत्र;कानूनी पत्र;0
"Identify the correct Hindi translation for 'Drafts payable register'";देय ड्राफ्ट रजिस्टर;जारी ड्राफ्ट रजिस्टर;रद्द ड्राफ्ट रजिस्टर;खोये ड्राफ्ट रजिस्टर;0
"Select the correct Hindi translation for 'Drafts presented without advice'";बिना सूचना के प्रस्तुत किए गए ड्राफ्ट;देर से प्रस्तुत ड्राफ्ट;अस्वीकृत ड्राफ्ट;भुगतान किए गए ड्राफ्ट;0
"What is the Hindi equivalent of 'Drain of funds / foreign exchange'";निधियों / विदेशी मुद्रा का पलायन;निधियों का आगमन;निधियों का संचय;निधियों का निवेश;0
"Choose the correct meaning of 'Drainage of liquidity'";चलनिधि में कमी आना;चलनिधि में वृद्धि;चलनिधि में स्थिरता;चलनिधि का सृजन;0
"Select the correct Hindi translation for 'Draw'";आहरण करना;जमा करना;निवेश करना;उधार देना;0
"In a professional context, what does 'Draw down' mean?";आहरण द्वारा कमी;जमा द्वारा वृद्धि;ब्याज द्वारा आय;ऋण द्वारा दायित्व;0
"What is the technical term for 'Draw down notice'";आहरण पूर्व नोटिस;जमा नोटिस;भुगतान नोटिस;वसूली नोटिस;0
"Identify the correct Hindi translation for 'Drawals against limits'";ऋण सीमाओं में से आहरण;बचत खाते से आहरण;चालू खाते से आहरण;सावधि जमा से आहरण;0
"Select the correct Hindi translation for 'Drawback'";चुंगी / शुल्क वापसी;कमी;हानि;जुर्माना;0
"What is the Hindi equivalent of 'Drawback claim'";वापसी का दावा;बीमा दावा;क्षतिपूर्ति दावा;ब्याज दावा;0
"Choose the correct meaning of 'Drawee'";अदाकर्ता;आहर्ता;आदाता;पृष्ठांकिती;0
"Select the correct Hindi translation for 'Drawee bill'";अदाकर्ता बिल;आहर्ता बिल;आदाता बिल;विदेशी बिल;0
"In a professional context, what does 'Drawee in case of need' mean?";आवश्यकता की स्थिति में अदाकर्ता;मुख्य अदाकर्ता;वैकल्पिक अदाकर्ता;संयुक्त अदाकर्ता;0
"What is the technical term for 'Drawer'";आहर्ता / चेक काटनेवाला;अदाकर्ता;आदाता;लाभार्थी;0
"Identify the correct Hindi translation for 'Drawer\'s signature incomplete'";आहर्ता के हस्ताक्षर अपूर्ण हैं;आहर्ता के हस्ताक्षर सही हैं;आहर्ता के हस्ताक्षर जाली हैं;आहर्ता के हस्ताक्षर नहीं हैं;0
"Select the correct Hindi translation for 'Drawer\'s signature / authority not received'";आहर्ता / प्राधिकारी के हस्ताक्षर नहीं लिए गए;हस्ताक्षर मिल गए;हस्ताक्षर सत्यापित;हस्ताक्षर स्पष्ट;0
"What is the Hindi equivalent of 'Drawing account'";आहरण खाते;जमा खाते;बचत खाते;ऋण खाते;0
"Choose the correct meaning of 'Drawing against uncleared effects'";समाशोधन / वसूली से पहले आहरण;समाशोधन के बाद आहरण;जमा के विरुद्ध आहरण;ऋण के विरुद्ध आहरण;0
"Select the correct Hindi translation for 'Drawing arrangement'";आहरण व्यवस्था;जमा व्यवस्था;ऋण व्यवस्था;भुगतान व्यवस्था;0
"In a professional context, what does 'Drawing in favour of' mean?";के नाम आहरण करना;के नाम जमा करना;के नाम हस्तांतरण करना;के नाम बिल बनाना;0
"What is the technical term for 'Drawing limit'";आहरण सीमा;जमा सीमा;ऋण सीमा;व्यय सीमा;0
"Identify the correct Hindi translation for 'Drawing power'";आहरण शक्ति;क्रय शक्ति;बाजार शक्ति;मोलभाव शक्ति;0
"Select the correct Hindi translation for 'Drawing rights'";आहरण अधिकार;मतदान अधिकार;संपत्ति अधिकार;बौद्धिक अधिकार;0
"What is the Hindi equivalent of 'Drawn amount'";आहरित राशि;जमा राशि;बकाया राशि;अनुमोदित राशि;0
"Choose the correct meaning of 'Drawn bill'";आहरित हुंडी / बिल;भुनायी गई हुंडी;बेची गई हुंडी;खरीदी गई हुंडी;0
"Select the correct Hindi translation for 'Drawn bond'";परिपक्वता-पूर्व प्रतिदेय बॉण्ड;परिपक्व बॉण्ड;जारी बॉण्ड;रद्द बॉण्ड;0
"In a professional context, what does 'Drawn down of stocks' mean?";उपयोग के कारण स्टॉक में कमी;स्टॉक में वृद्धि;स्टॉक का मूल्यांकन;स्टॉक का सत्यापन;0
"What is the technical term for 'Drawn on'";के नाम आहरित;के पक्ष में आहरित;के द्वारा आहरित;के लिए आहरित;0
"Identify the correct Hindi translation for 'Drayage'";ढुलाई भाड़ा;रेल भाड़ा;हवाई भाड़ा;समुद्री भाड़ा;0
"Select the correct Hindi translation for 'Dream budget'";आदर्श बजट;घाटे का बजट;बचत का बजट;अंतरिम बजट;0
"What is the Hindi equivalent of 'Driblets'";अल्प अंतरालों में;एकमुश्त;किस्तों में;वार्षिक;0
"Choose the correct meaning of 'Driblets leave'";अल्प अंतराल छुट्टियां;लंबी छुट्टी;बीमारी की छुट्टी;अर्जित छुट्टी;0
"Select the correct Hindi translation for 'Drilled coin'";सछिद्र सिक्का;खोटा सिक्का;असली सिक्का;पुराना सिक्का;0
"In a professional context, what does 'Drive' mean?";अभियान;यात्रा;मशीन;सड़क;0
"What is the technical term for 'Drop box'";ड्रॉप बाक्स;लेटर बॉक्स;सेफ बॉक्स;कैश बॉक्स;0
"Identify the correct Hindi translation for 'Drop delivery'";नियत स्थान पर सुपुर्दगी;कारखाना सुपुर्दगी;गोदाम सुपुर्दगी;बंदरगाह सुपुर्दगी;0
"Select the correct Hindi translation for 'Drop shipper'";सीधा आपूर्तिकार;थोक विक्रेता;खुदरा विक्रेता;एजेंट;0
"What is the Hindi equivalent of 'Drop shipping'";सीधी आपूर्ति;विलंबित आपूर्ति;किस्तों में आपूर्ति;आंशिक आपूर्ति;0
"Choose the correct meaning of 'Drought prone area'";सूखा प्रवण क्षेत्र;बाढ़ प्रवण क्षेत्र;भूकंप प्रवण क्षेत्र;पर्वतीय क्षेत्र;0
"Select the correct Hindi translation for 'Drubbing'";गिरावट;उछाल;स्थिरता;वृद्धि;0
"In a professional context, what does 'Dry docking' mean?";सूखे बंदरगाह में जहाज लाना;जहाज डुबोना;जहाज बेचना;जहाज खरीदना;0
"What is the technical term for 'Dry farming'";सूखी / असिंचित खेती;सिंचित खेती;जैविक खेती;व्यावसायिक खेती;0
"Identify the correct Hindi translation for 'Dry land farming'";शुष्क भूमि पर खेती;आर्द्र भूमि पर खेती;पहाड़ी खेती;तटीय खेती;0
"Select the correct Hindi translation for 'Dry lease'";सुविधा-रहित पट्टा;सुविधा-सहित पट्टा;दीर्घकालिक पट्टा;अल्पकालिक पट्टा;0
"What is the Hindi equivalent of 'Dry run of plan'";योजना को प्रायोगिक तौर पर चलाना;योजना को अंतिम रूप देना;योजना को रद्द करना;योजना का मूल्यांकन;0
"Choose the correct meaning of 'Dual policy'";दोहरी नीति;एकल नीति;नई नीति;पुरानी नीति;0
"Select the correct Hindi translation for 'Dual pricing policy'";कीमत-निर्धारण की दोहरी नीति;एकल कीमत नीति;मुक्त कीमत नीति;नियंत्रित कीमत नीति;0
"In a professional context, what does 'Dual valuation' mean?";दोहरा मूल्यांकन;एकल मूल्यांकन;बाजार मूल्यांकन;लागत मूल्यांकन;0
"What is the technical term for 'Duality of management'";प्रबंधन का दोहरापन;प्रबंधन का एकीकरण;प्रबंधन का विकेंद्रीकरण;प्रबंधन का निजीकरण;0
"Identify the correct Hindi translation for 'Dud stock'";व्यर्थ स्टॉक;बहुमूल्य स्टॉक;नया स्टॉक;पुराना स्टॉक;0
"Select the correct Hindi translation for 'Due by'";(तारीख)... तक देय;के द्वारा देय;के लिए देय;पर देय;0
"What is the Hindi equivalent of 'Due date'";नियत तिथि / भुगतान की तारीख;जारी करने की तारीख;रद्दीकरण की तारीख;नवीनीकरण की तारीख;0
"Choose the correct meaning of 'Due debt'";देय / प्राप्य कर्ज;माफ कर्ज;डूबत कर्ज;संदिग्ध कर्ज;0
"Select the correct Hindi translation for 'Due diligence'";समुचित सावधानी;लापरवाही;जल्दबाजी;अनदेखी;0
"In a professional context, what does 'Due from bank' mean?";बैंक से प्राप्य;बैंक को देय;बैंक में जमा;बैंक द्वारा देय;0
"What is the technical term for 'Due on'";(तारीख)... को देय;तारीख से पहले;तारीख के बाद;तारीख तक;0
"Identify the correct Hindi translation for 'Due rent'";देय किराया;अग्रिम किराया;माफ किराया;विवादित किराया;0
"Select the correct Hindi translation for 'Due to'";1. ... को देय 2. के कारण;से प्राप्त;का स्वामी;का एजेंट;0
"What is the Hindi equivalent of 'Dues'";देय / प्राप्य राशियां;जमा राशियां;अग्रिम राशियां;दान राशियां;0
"Choose the correct meaning of 'Dull market'";सुस्त बाजार;तेज बाजार;अस्थिर बाजार;संतुलित बाजार;0
"Select the correct Hindi translation for 'Dull trading'";मंद कामकाज;तेज कामकाज;सामान्य कामकाज;शून्य कामकाज;0
"In a professional context, what does 'Duly authorized' mean?";विधिवत् प्राधिकृत;अनधिकृत;अस्थायी रूप से प्राधिकृत;मौखिक रूप से प्राधिकृत;0
"What is the technical term for 'Duly countersigned'";विधिवत् प्रतिप्राधिकृत / प्रतिहस्ताक्षरित;हस्ताक्षर रहित;केवल हस्ताक्षरित;गवाह द्वारा हस्ताक्षरित;0
"Identify the correct Hindi translation for 'Duly examined'";विधिवत् परीक्षित;आंशिक परीक्षित;अपरीक्षित;पुनर्परीक्षित;0
"Select the correct Hindi translation for 'Duly signed'";विधिवत् हस्ताक्षरित;बिना हस्ताक्षर;जाली हस्ताक्षर;अधूरे हस्ताक्षर;0
"What is the Hindi equivalent of 'Dummy a/c'";छद्म खाता;असली खाता;संयुक्त खाता;निष्क्रिय खाता;0
"Choose the correct meaning of 'Dumping (market)'";बाजार पाटना / मूल्य गिराना;बाजार बढ़ाना;कीमत बढ़ाना;माल जमा करना;0
"Select the correct Hindi translation for 'Duopoly'";द्वयाधिकार;एकाधिकार;अल्पाधिकार;पूर्ण प्रतियोगिता;0
"In a professional context, what does 'Duplicate' mean?";1. अनुलिपि 2. नकली;मूल;प्रमाणित;सत्यापित;0
"What is the technical term for 'Duplicate invoices'";बीजकों की अनुलिपियां;मूल बीजक;संशोधित बीजक;रद्द बीजक;0
"Identify the correct Hindi translation for 'Duplicate pass book'";अनुलिपि पास-बुक;मूल पास-बुक;नई पास-बुक;पुरानी पास-बुक;0
"Select the correct Hindi translation for 'Duplicate payment order'";अदायगी आदेश की अनुलिपि;मूल अदायगी आदेश;रद्द अदायगी आदेश;संशोधित अदायगी आदेश;0
"What is the Hindi equivalent of 'Durability'";टिकाऊपन;भंगुरता;लचीलापन;कठोरता;0
"Choose the correct meaning of 'Durable community assets'";टिकाऊ सामुदायिक आस्तियां;अस्थायी आस्तियां;निजी आस्तियां;नष्ट होने वाली आस्तियां;0
"Select the correct Hindi translation for 'Durable consumer goods'";टिकाऊ उपभोक्ता वस्तुएं;नश्वर उपभोक्ता वस्तुएं;पूंजीगत वस्तुएं;मध्यवर्ती वस्तुएं;0
"In a professional context, what does 'Durables' mean?";टिकाऊ वस्तुएं;नश्वर वस्तुएं;सस्ती वस्तुएं;महंगी वस्तुएं;0
"What is the technical term for 'Duration'";1. अवधि 2. ड्यूरेशन (बॉण्ड);समय;दूरी;गति;0
"Identify the correct Hindi translation for 'Duress'";दबाव;स्वेच्छा;सहमति;प्रस्ताव;0
"Select the correct Hindi translation for 'Dutch auction'";अवरोही नीलामी;आरोही नीलामी;खुली नीलामी;बंद नीलामी;0
"What is the Hindi equivalent of 'Dutiable goods'";शुल्क देय माल;शुल्क मुक्त माल;प्रतिबंधित माल;चोरी का माल;0
"Choose the correct meaning of 'Duty'";1. शुल्क 2. कर्तव्य;कर;जुर्माना;सजा;0
"Select the correct Hindi translation for 'Duty draw back'";शुल्क वापसी;शुल्क वृद्धि;शुल्क छूट;शुल्क चोरी;0
"In a professional context, what does 'Duty exemption scheme' mean?";शुल्क छूट योजना;शुल्क वापसी योजना;शुल्क वृद्धि योजना;शुल्क भुगतान योजना;0
"What is the technical term for 'Duty free'";शुल्कमुक्त;करमुक्त;प्रभारमुक्त;ब्याजमुक्त;0
"Identify the correct Hindi translation for 'Duty list'";1. शुल्क सूची 2. कार्य सूची;वेतन सूची;छुट्टी सूची;सामान सूची;0
"Select the correct Hindi translation for 'Dynamic economics'";गंत्यात्मक अर्थशास्त्र;स्थैतिक अर्थशास्त्र;व्यष्टि अर्थशास्त्र;समष्टि अर्थशास्त्र;0
"What is the Hindi equivalent of 'Dynamic export system'";गतिशील निर्यात प्रणाली;स्थिर निर्यात प्रणाली;बंद निर्यात प्रणाली;सीमित निर्यात प्रणाली;0
"Choose the correct meaning of 'Dynamic function of money'";मुद्रा का गत्यात्मक कार्य;मुद्रा का स्थैतिक कार्य;मुद्रा का विनिमय कार्य;मुद्रा का संचय कार्य;0
"Select the correct Hindi translation for 'Dynamic market'";गतिशील बाजार;स्थिर बाजार;मंद बाजार;बंद बाजार;0
"In a professional context, what does 'Dynamic multiplier' mean?";गतिक गुणक;स्थैतिक गुणक;निवेश गुणक;रोजगार गुणक;0
"What is the technical term for 'Dynamics of fluctuating exchange'";घटती-बढ़ती विनिमय दर की गतिकी;स्थिर विनिमय दर की गतिकी;नियत विनिमय दर की गतिकी;समान विनिमय दर की गतिकी;0